policy_item_evidence_link_id,policy_item_id,derived_representation_id,link_role,evidence_strength,is_primary,sort_order,notes
LNK-ITM-POL-002-00001,ITM-POL-002-00001,DRV-PAR-DOC-POL-002-00038,primary_support,medium,1,1,
LNK-ITM-POL-002-00002,ITM-POL-002-00002,DRV-PAR-DOC-POL-002-00037,primary_support,medium,1,1,
LNK-ITM-POL-002-00003,ITM-POL-002-00003,DRV-PAR-DOC-POL-002-00039,primary_support,medium,1,1,
LNK-ITM-POL-002-00004,ITM-POL-002-00004,DRV-PAR-DOC-POL-002-00015,primary_support,medium,1,1,
LNK-ITM-POL-002-00005,ITM-POL-002-00005,DRV-PAR-DOC-POL-002-00113,primary_support,medium,1,1,
LNK-ITM-POL-002-00006,ITM-POL-002-00006,DRV-PAR-DOC-POL-002-00219,primary_support,medium,1,1,
LNK-ITM-POL-002-00007,ITM-POL-002-00007,DRV-PAR-DOC-POL-002-00125,primary_support,medium,1,1,
LNK-ITM-POL-002-00008,ITM-POL-002-00008,DRV-PAR-DOC-POL-002-00234,primary_support,medium,1,1,
LNK-ITM-POL-002-00009,ITM-POL-002-00009,DRV-PAR-DOC-POL-002-00175,primary_support,medium,1,1,
LNK-ITM-POL-002-00010,ITM-POL-002-00010,DRV-PAR-DOC-POL-002-00050,primary_support,medium,1,1,
LNK-ITM-POL-002-00011,ITM-POL-002-00011,DRV-PAR-DOC-POL-002-00044,primary_support,medium,1,1,
LNK-ITM-POL-002-00012,ITM-POL-002-00012,DRV-PAR-DOC-POL-002-00088,primary_support,medium,1,1,
LNK-ITM-POL-002-00013,ITM-POL-002-00013,DRV-PAR-DOC-POL-002-00040,primary_support,medium,1,1,
LNK-ITM-POL-002-00014,ITM-POL-002-00014,DRV-PAR-DOC-POL-002-00233,primary_support,medium,1,1,
LNK-ITM-POL-002-00015,ITM-POL-002-00015,DRV-PAR-DOC-POL-002-00143,primary_support,medium,1,1,
LNK-ITM-POL-002-00016,ITM-POL-002-00016,DRV-PAR-DOC-POL-002-00151,primary_support,medium,1,1,
LNK-ITM-POL-002-00017,ITM-POL-002-00017,DRV-PAR-DOC-POL-002-00157,primary_support,medium,1,1,
LNK-ITM-POL-002-00018,ITM-POL-002-00018,DRV-PAR-DOC-POL-002-00108,primary_support,medium,1,1,
LNK-ITM-POL-002-00019,ITM-POL-002-00019,DRV-PAR-DOC-POL-002-00163,primary_support,medium,1,1,
LNK-ITM-POL-002-00020,ITM-POL-002-00020,DRV-PAR-DOC-POL-002-00141,primary_support,medium,1,1,
LNK-ITM-POL-002-00021,ITM-POL-002-00021,DRV-PAR-DOC-POL-002-00070,primary_support,medium,1,1,
LNK-ITM-POL-002-00022,ITM-POL-002-00022,DRV-PAR-DOC-POL-002-00185,primary_support,medium,1,1,
LNK-ITM-POL-002-00023,ITM-POL-002-00023,DRV-PAR-DOC-POL-002-00150,primary_support,medium,1,1,
LNK-ITM-POL-002-00024,ITM-POL-002-00024,DRV-PAR-DOC-POL-002-00180,primary_support,medium,1,1,
LNK-ITM-POL-002-00025,ITM-POL-002-00025,DRV-PAR-DOC-POL-002-00102,primary_support,medium,1,1,
LNK-ITM-POL-002-00026,ITM-POL-002-00026,DRV-PAR-DOC-POL-002-00069,primary_support,medium,1,1,
LNK-ITM-POL-002-00027,ITM-POL-002-00027,DRV-PAR-DOC-POL-002-00164,primary_support,medium,1,1,
LNK-ITM-POL-002-00028,ITM-POL-002-00028,DRV-PAR-DOC-POL-002-00201,primary_support,medium,1,1,
LNK-ITM-POL-002-00029,ITM-POL-002-00029,DRV-PAR-DOC-POL-002-00016,primary_support,medium,1,1,
LNK-ITM-POL-002-00030,ITM-POL-002-00030,DRV-PAR-DOC-POL-002-00166,primary_support,medium,1,1,
LNK-ITM-POL-002-00031,ITM-POL-002-00031,DRV-PAR-DOC-POL-002-00232,primary_support,medium,1,1,
LNK-ITM-POL-002-00032,ITM-POL-002-00032,DRV-PAR-DOC-POL-002-00032,primary_support,medium,1,1,
LNK-ITM-POL-002-00033,ITM-POL-002-00033,DRV-PAR-DOC-POL-002-00110,primary_support,medium,1,1,
LNK-ITM-POL-002-00034,ITM-POL-002-00034,DRV-PAR-DOC-POL-002-00019,primary_support,medium,1,1,
LNK-ITM-POL-002-00035,ITM-POL-002-00035,DRV-PAR-DOC-POL-002-00182,primary_support,medium,1,1,
LNK-ITM-POL-002-00036,ITM-POL-002-00036,DRV-PAR-DOC-POL-002-00062,primary_support,medium,1,1,
LNK-ITM-POL-002-00037,ITM-POL-002-00037,DRV-PAR-DOC-POL-002-00116,primary_support,medium,1,1,
LNK-ITM-POL-002-00038,ITM-POL-002-00038,DRV-PAR-DOC-POL-002-00139,primary_support,medium,1,1,
LNK-ITM-POL-002-00039,ITM-POL-002-00039,DRV-PAR-DOC-POL-002-00071,primary_support,medium,1,1,
LNK-ITM-POL-002-00040,ITM-POL-002-00040,DRV-PAR-DOC-POL-002-00136,primary_support,medium,1,1,
LNK-ITM-POL-002-00041,ITM-POL-002-00041,DRV-PAR-DOC-POL-002-00091,primary_support,medium,1,1,
LNK-ITM-POL-002-00042,ITM-POL-002-00042,DRV-PAR-DOC-POL-002-00198,primary_support,medium,1,1,
LNK-ITM-POL-002-00043,ITM-POL-002-00043,DRV-PAR-DOC-POL-002-00197,primary_support,medium,1,1,
LNK-ITM-POL-002-00044,ITM-POL-002-00044,DRV-PAR-DOC-POL-002-00120,primary_support,medium,1,1,
LNK-ITM-POL-002-00045,ITM-POL-002-00045,DRV-PAR-DOC-POL-002-00196,primary_support,medium,1,1,
LNK-ITM-POL-002-00046,ITM-POL-002-00046,DRV-PAR-DOC-POL-002-00186,primary_support,medium,1,1,
LNK-ITM-POL-002-00047,ITM-POL-002-00047,DRV-PAR-DOC-POL-002-00023,primary_support,medium,1,1,
LNK-ITM-POL-002-00048,ITM-POL-002-00048,DRV-PAR-DOC-POL-002-00021,primary_support,medium,1,1,
LNK-ITM-POL-002-00049,ITM-POL-002-00049,DRV-PAR-DOC-POL-002-00022,primary_support,medium,1,1,
LNK-ITM-POL-002-00050,ITM-POL-002-00050,DRV-PAR-DOC-POL-002-00137,primary_support,medium,1,1,
LNK-ITM-POL-002-00051,ITM-POL-002-00051,DRV-PAR-DOC-POL-002-00024,primary_support,medium,1,1,
LNK-ITM-POL-002-00052,ITM-POL-002-00052,DRV-PAR-DOC-POL-002-00224,primary_support,medium,1,1,
LNK-ITM-POL-002-00053,ITM-POL-002-00053,DRV-PAR-DOC-POL-002-00089,primary_support,medium,1,1,
LNK-ITM-POL-002-00054,ITM-POL-002-00054,DRV-PAR-DOC-POL-002-00025,primary_support,medium,1,1,
LNK-ITM-POL-002-00055,ITM-POL-002-00055,DRV-PAR-DOC-POL-002-00193,primary_support,medium,1,1,
LNK-ITM-POL-002-00056,ITM-POL-002-00056,DRV-PAR-DOC-POL-002-00229,primary_support,medium,1,1,
LNK-ITM-POL-002-00057,ITM-POL-002-00057,DRV-PAR-DOC-POL-002-00142,primary_support,medium,1,1,
LNK-ITM-POL-002-00058,ITM-POL-002-00058,DRV-PAR-DOC-POL-002-00145,primary_support,medium,1,1,
LNK-ITM-POL-002-00059,ITM-POL-002-00059,DRV-PAR-DOC-POL-002-00146,primary_support,medium,1,1,
LNK-ITM-POL-002-00060,ITM-POL-002-00060,DRV-PAR-DOC-POL-002-00014,primary_support,medium,1,1,
LNK-ITM-POL-002-00061,ITM-POL-002-00061,DRV-PAR-DOC-POL-002-00029,primary_support,medium,1,1,
LNK-ITM-POL-002-00062,ITM-POL-002-00062,DRV-PAR-DOC-POL-002-00107,primary_support,medium,1,1,
LNK-ITM-POL-002-00063,ITM-POL-002-00063,DRV-PAR-DOC-POL-002-00028,primary_support,medium,1,1,
LNK-ITM-POL-002-00064,ITM-POL-002-00064,DRV-PAR-DOC-POL-002-00205,primary_support,medium,1,1,
LNK-ITM-POL-002-00065,ITM-POL-002-00065,DRV-PAR-DOC-POL-002-00156,primary_support,medium,1,1,
LNK-ITM-POL-002-00066,ITM-POL-002-00066,DRV-PAR-DOC-POL-002-00172,primary_support,medium,1,1,
LNK-ITM-POL-002-00067,ITM-POL-002-00067,DRV-PAR-DOC-POL-002-00130,primary_support,medium,1,1,
LNK-ITM-POL-002-00068,ITM-POL-002-00068,DRV-PAR-DOC-POL-002-00192,primary_support,medium,1,1,
LNK-ITM-POL-002-00069,ITM-POL-002-00069,DRV-PAR-DOC-POL-002-00138,primary_support,medium,1,1,
LNK-ITM-POL-002-00070,ITM-POL-002-00070,DRV-PAR-DOC-POL-002-00169,primary_support,medium,1,1,
LNK-ITM-POL-002-00071,ITM-POL-002-00071,DRV-PAR-DOC-POL-002-00133,primary_support,medium,1,1,
LNK-ITM-POL-002-00072,ITM-POL-002-00072,DRV-PAR-DOC-POL-002-00101,primary_support,medium,1,1,
LNK-ITM-POL-002-00073,ITM-POL-002-00073,DRV-PAR-DOC-POL-002-00066,primary_support,medium,1,1,
LNK-ITM-POL-002-00074,ITM-POL-002-00074,DRV-PAR-DOC-POL-002-00097,primary_support,medium,1,1,
LNK-ITM-POL-002-00075,ITM-POL-002-00075,DRV-PAR-DOC-POL-002-00238,primary_support,medium,1,1,
LNK-ITM-POL-002-00076,ITM-POL-002-00076,DRV-PAR-DOC-POL-002-00128,primary_support,medium,1,1,
LNK-ITM-POL-002-00077,ITM-POL-002-00077,DRV-PAR-DOC-POL-002-00134,primary_support,medium,1,1,
LNK-ITM-POL-002-00078,ITM-POL-002-00078,DRV-PAR-DOC-POL-002-00100,primary_support,medium,1,1,
LNK-ITM-POL-002-00079,ITM-POL-002-00079,DRV-PAR-DOC-POL-002-00155,primary_support,medium,1,1,
LNK-ITM-POL-002-00080,ITM-POL-002-00080,DRV-PAR-DOC-POL-002-00018,primary_support,medium,1,1,
LNK-ITM-POL-002-00081,ITM-POL-002-00081,DRV-PAR-DOC-POL-002-00190,primary_support,medium,1,1,
LNK-ITM-POL-002-00082,ITM-POL-002-00082,DRV-PAR-DOC-POL-002-00183,primary_support,medium,1,1,
LNK-ITM-POL-002-00083,ITM-POL-002-00083,DRV-PAR-DOC-POL-002-00152,primary_support,medium,1,1,
LNK-ITM-POL-002-00084,ITM-POL-002-00084,DRV-PAR-DOC-POL-002-00099,primary_support,medium,1,1,
LNK-ITM-POL-002-00085,ITM-POL-002-00085,DRV-PAR-DOC-POL-002-00092,primary_support,medium,1,1,
LNK-ITM-POL-002-00086,ITM-POL-002-00086,DRV-PAR-DOC-POL-002-00111,primary_support,medium,1,1,
LNK-ITM-POL-002-00087,ITM-POL-002-00087,DRV-PAR-DOC-POL-002-00135,primary_support,medium,1,1,
LNK-ITM-POL-002-00088,ITM-POL-002-00088,DRV-PAR-DOC-POL-002-00161,primary_support,medium,1,1,
LNK-ITM-POL-002-00089,ITM-POL-002-00089,DRV-PAR-DOC-POL-002-00158,primary_support,medium,1,1,
LNK-ITM-POL-002-00090,ITM-POL-002-00090,DRV-PAR-DOC-POL-002-00184,primary_support,medium,1,1,
LNK-ITM-POL-002-00091,ITM-POL-002-00091,DRV-PAR-DOC-POL-002-00132,primary_support,medium,1,1,
LNK-ITM-POL-002-00092,ITM-POL-002-00092,DRV-PAR-DOC-POL-002-00094,primary_support,medium,1,1,
LNK-ITM-POL-002-00093,ITM-POL-002-00093,DRV-PAR-DOC-POL-002-00167,primary_support,medium,1,1,
LNK-ITM-POL-002-00094,ITM-POL-002-00094,DRV-PAR-DOC-POL-002-00017,primary_support,medium,1,1,
LNK-ITM-POL-002-00095,ITM-POL-002-00095,DRV-PAR-DOC-POL-002-00195,primary_support,medium,1,1,
LNK-ITM-POL-002-00096,ITM-POL-002-00096,DRV-PAR-DOC-POL-002-00140,primary_support,medium,1,1,
LNK-ITM-POL-002-00097,ITM-POL-002-00097,DRV-PAR-DOC-POL-002-00176,primary_support,medium,1,1,
LNK-ITM-POL-002-00098,ITM-POL-002-00098,DRV-PAR-DOC-POL-002-00095,primary_support,medium,1,1,
LNK-ITM-POL-002-00099,ITM-POL-002-00099,DRV-PAR-DOC-POL-002-00020,primary_support,medium,1,1,
LNK-ITM-POL-002-00100,ITM-POL-002-00100,DRV-PAR-DOC-POL-002-00074,primary_support,medium,1,1,
LNK-ITM-POL-002-00101,ITM-POL-002-00101,DRV-PAR-DOC-POL-002-00073,primary_support,medium,1,1,
LNK-ITM-POL-002-00102,ITM-POL-002-00102,DRV-PAR-DOC-POL-002-00189,primary_support,medium,1,1,
LNK-ITM-POL-002-00103,ITM-POL-002-00103,DRV-PAR-DOC-POL-002-00199,primary_support,medium,1,1,
LNK-ITM-POL-002-00104,ITM-POL-002-00104,DRV-PAR-DOC-POL-002-00200,primary_support,medium,1,1,
LNK-ITM-POL-002-00105,ITM-POL-002-00105,DRV-PAR-DOC-POL-002-00231,primary_support,medium,1,1,
LNK-ITM-POL-002-00106,ITM-POL-002-00106,DRV-PAR-DOC-POL-002-00204,primary_support,medium,1,1,
LNK-ITM-POL-002-00107,ITM-POL-002-00107,DRV-PAR-DOC-POL-002-00230,primary_support,medium,1,1,
LNK-ITM-POL-002-00108,ITM-POL-002-00108,DRV-PAR-DOC-POL-002-00212,primary_support,medium,1,1,
LNK-ITM-POL-002-00109,ITM-POL-002-00109,DRV-PAR-DOC-POL-002-00076,primary_support,medium,1,1,
LNK-ITM-POL-002-00110,ITM-POL-002-00110,DRV-PAR-DOC-POL-002-00031,primary_support,medium,1,1,
LNK-ITM-POL-002-00111,ITM-POL-002-00111,DRV-PAR-DOC-POL-002-00026,primary_support,medium,1,1,
LNK-ITM-POL-002-00112,ITM-POL-002-00112,DRV-PAR-DOC-POL-002-00187,primary_support,medium,1,1,
LNK-ITM-POL-002-00113,ITM-POL-002-00113,DRV-PAR-DOC-POL-002-00215,primary_support,medium,1,1,
LNK-ITM-POL-002-00114,ITM-POL-002-00114,DRV-PAR-DOC-POL-002-00218,primary_support,medium,1,1,
LNK-ITM-POL-002-00115,ITM-POL-002-00115,DRV-PAR-DOC-POL-002-00080,primary_support,medium,1,1,
LNK-ITM-POL-002-00116,ITM-POL-002-00116,DRV-PAR-DOC-POL-002-00191,primary_support,medium,1,1,
LNK-ITM-POL-003-00117,ITM-POL-003-00117,DRV-PAR-DOC-POL-004-00090,primary_support,medium,1,1,
LNK-ITM-POL-003-00118,ITM-POL-003-00118,DRV-PAR-DOC-POL-004-00076,primary_support,medium,1,1,
LNK-ITM-POL-003-00119,ITM-POL-003-00119,DRV-PAR-DOC-POL-004-00129,primary_support,medium,1,1,
LNK-ITM-POL-003-00120,ITM-POL-003-00120,DRV-PAR-DOC-POL-004-00099,primary_support,medium,1,1,
LNK-ITM-POL-003-00121,ITM-POL-003-00121,DRV-PAR-DOC-POL-004-00019,primary_support,medium,1,1,
LNK-ITM-POL-003-00122,ITM-POL-003-00122,DRV-PAR-DOC-POL-004-00096,primary_support,medium,1,1,
LNK-ITM-POL-003-00123,ITM-POL-003-00123,DRV-PAR-DOC-POL-004-00164,primary_support,medium,1,1,
LNK-ITM-POL-003-00124,ITM-POL-003-00124,DRV-PAR-DOC-POL-004-00089,primary_support,medium,1,1,
LNK-ITM-POL-003-00125,ITM-POL-003-00125,DRV-PAR-DOC-POL-004-00073,primary_support,medium,1,1,
LNK-ITM-POL-003-00126,ITM-POL-003-00126,DRV-PAR-DOC-POL-004-00137,primary_support,medium,1,1,
LNK-ITM-POL-003-00127,ITM-POL-003-00127,DRV-PAR-DOC-POL-004-00140,primary_support,medium,1,1,
LNK-ITM-POL-003-00128,ITM-POL-003-00128,DRV-PAR-DOC-POL-004-00130,primary_support,medium,1,1,
LNK-ITM-POL-003-00129,ITM-POL-003-00129,DRV-PAR-DOC-POL-004-00146,primary_support,medium,1,1,
LNK-ITM-POL-003-00130,ITM-POL-003-00130,DRV-PAR-DOC-POL-004-00027,primary_support,medium,1,1,
LNK-ITM-POL-003-00131,ITM-POL-003-00131,DRV-PAR-DOC-POL-004-00102,primary_support,medium,1,1,
LNK-ITM-POL-003-00132,ITM-POL-003-00132,DRV-PAR-DOC-POL-004-00108,primary_support,medium,1,1,
LNK-ITM-POL-003-00133,ITM-POL-003-00133,DRV-PAR-DOC-POL-004-00097,primary_support,medium,1,1,
LNK-ITM-POL-003-00134,ITM-POL-003-00134,DRV-PAR-DOC-POL-004-00058,primary_support,medium,1,1,
LNK-ITM-POL-003-00135,ITM-POL-003-00135,DRV-PAR-DOC-POL-004-00052,primary_support,medium,1,1,
LNK-ITM-POL-003-00136,ITM-POL-003-00136,DRV-PAR-DOC-POL-004-00174,primary_support,medium,1,1,
LNK-ITM-POL-003-00137,ITM-POL-003-00137,DRV-PAR-DOC-POL-004-00162,primary_support,medium,1,1,
LNK-ITM-POL-003-00138,ITM-POL-003-00138,DRV-PAR-DOC-POL-004-00084,primary_support,medium,1,1,
LNK-ITM-POL-003-00139,ITM-POL-003-00139,DRV-PAR-DOC-POL-004-00165,primary_support,medium,1,1,
LNK-ITM-POL-003-00140,ITM-POL-003-00140,DRV-PAR-DOC-POL-004-00077,primary_support,medium,1,1,
LNK-ITM-POL-003-00141,ITM-POL-003-00141,DRV-PAR-DOC-POL-004-00134,primary_support,medium,1,1,
LNK-ITM-POL-003-00142,ITM-POL-003-00142,DRV-PAR-DOC-POL-004-00080,primary_support,medium,1,1,
LNK-ITM-POL-003-00143,ITM-POL-003-00143,DRV-PAR-DOC-POL-004-00171,primary_support,medium,1,1,
LNK-ITM-POL-003-00144,ITM-POL-003-00144,DRV-PAR-DOC-POL-004-00004,primary_support,medium,1,1,
LNK-ITM-POL-003-00145,ITM-POL-003-00145,DRV-PAR-DOC-POL-004-00185,primary_support,medium,1,1,
LNK-ITM-POL-003-00146,ITM-POL-003-00146,DRV-PAR-DOC-POL-004-00075,primary_support,medium,1,1,
LNK-ITM-POL-003-00147,ITM-POL-003-00147,DRV-PAR-DOC-POL-004-00144,primary_support,medium,1,1,
LNK-ITM-POL-003-00148,ITM-POL-003-00148,DRV-PAR-DOC-POL-004-00179,primary_support,medium,1,1,
LNK-ITM-POL-003-00149,ITM-POL-003-00149,DRV-PAR-DOC-POL-004-00192,primary_support,medium,1,1,
LNK-ITM-POL-003-00150,ITM-POL-003-00150,DRV-PAR-DOC-POL-004-00160,primary_support,medium,1,1,
LNK-ITM-POL-003-00151,ITM-POL-003-00151,DRV-PAR-DOC-POL-004-00154,primary_support,medium,1,1,
LNK-ITM-POL-003-00152,ITM-POL-003-00152,DRV-PAR-DOC-POL-004-00013,primary_support,medium,1,1,
LNK-ITM-POL-003-00153,ITM-POL-003-00153,DRV-PAR-DOC-POL-004-00093,primary_support,medium,1,1,
LNK-ITM-POL-003-00154,ITM-POL-003-00154,DRV-PAR-DOC-POL-004-00167,primary_support,medium,1,1,
LNK-ITM-POL-003-00155,ITM-POL-003-00155,DRV-PAR-DOC-POL-004-00071,primary_support,medium,1,1,
LNK-ITM-POL-003-00156,ITM-POL-003-00156,DRV-PAR-DOC-POL-004-00029,primary_support,medium,1,1,
LNK-ITM-POL-003-00157,ITM-POL-003-00157,DRV-PAR-DOC-POL-004-00156,primary_support,medium,1,1,
LNK-ITM-POL-003-00158,ITM-POL-003-00158,DRV-PAR-DOC-POL-004-00190,primary_support,medium,1,1,
LNK-ITM-POL-003-00159,ITM-POL-003-00159,DRV-PAR-DOC-POL-004-00175,primary_support,medium,1,1,
LNK-ITM-POL-003-00160,ITM-POL-003-00160,DRV-PAR-DOC-POL-004-00138,primary_support,medium,1,1,
LNK-ITM-POL-003-00161,ITM-POL-003-00161,DRV-PAR-DOC-POL-004-00057,primary_support,medium,1,1,
LNK-ITM-POL-003-00162,ITM-POL-003-00162,DRV-PAR-DOC-POL-004-00172,primary_support,medium,1,1,
LNK-ITM-POL-003-00163,ITM-POL-003-00163,DRV-PAR-DOC-POL-004-00037,primary_support,medium,1,1,
LNK-ITM-POL-003-00164,ITM-POL-003-00164,DRV-PAR-DOC-POL-004-00031,primary_support,medium,1,1,
LNK-ITM-POL-003-00165,ITM-POL-003-00165,DRV-PAR-DOC-POL-004-00119,primary_support,medium,1,1,
LNK-ITM-POL-003-00166,ITM-POL-003-00166,DRV-PAR-DOC-POL-004-00177,primary_support,medium,1,1,
LNK-ITM-POL-003-00167,ITM-POL-003-00167,DRV-PAR-DOC-POL-004-00152,primary_support,medium,1,1,
LNK-ITM-POL-003-00168,ITM-POL-003-00168,DRV-PAR-DOC-POL-004-00034,primary_support,medium,1,1,
LNK-ITM-POL-003-00169,ITM-POL-003-00169,DRV-PAR-DOC-POL-004-00023,primary_support,medium,1,1,
LNK-ITM-POL-003-00170,ITM-POL-003-00170,DRV-PAR-DOC-POL-004-00060,primary_support,medium,1,1,
LNK-ITM-POL-003-00171,ITM-POL-003-00171,DRV-PAR-DOC-POL-004-00132,primary_support,medium,1,1,
LNK-ITM-POL-003-00172,ITM-POL-003-00172,DRV-PAR-DOC-POL-004-00025,primary_support,medium,1,1,
LNK-ITM-POL-003-00173,ITM-POL-003-00173,DRV-PAR-DOC-POL-004-00062,primary_support,medium,1,1,
LNK-ITM-POL-003-00174,ITM-POL-003-00174,DRV-PAR-DOC-POL-004-00111,primary_support,medium,1,1,
LNK-ITM-POL-003-00175,ITM-POL-003-00175,DRV-PAR-DOC-POL-004-00064,primary_support,medium,1,1,
LNK-ITM-POL-003-00176,ITM-POL-003-00176,DRV-PAR-DOC-POL-004-00032,primary_support,medium,1,1,
LNK-ITM-POL-003-00177,ITM-POL-003-00177,DRV-PAR-DOC-POL-004-00021,primary_support,medium,1,1,
LNK-ITM-POL-003-00178,ITM-POL-003-00178,DRV-PAR-DOC-POL-004-00067,primary_support,medium,1,1,
LNK-ITM-POL-003-00179,ITM-POL-003-00179,DRV-PAR-DOC-POL-004-00125,primary_support,medium,1,1,
LNK-ITM-POL-003-00180,ITM-POL-003-00180,DRV-PAR-DOC-POL-004-00128,primary_support,medium,1,1,
LNK-ITM-POL-003-00181,ITM-POL-003-00181,DRV-PAR-DOC-POL-004-00091,primary_support,medium,1,1,
LNK-ITM-POL-003-00182,ITM-POL-003-00182,DRV-PAR-DOC-POL-004-00103,primary_support,medium,1,1,
LNK-ITM-POL-003-00183,ITM-POL-003-00183,DRV-PAR-DOC-POL-004-00105,primary_support,medium,1,1,
LNK-ITM-POL-003-00184,ITM-POL-003-00184,DRV-PAR-DOC-POL-004-00158,primary_support,medium,1,1,
LNK-ITM-POL-003-00185,ITM-POL-003-00185,DRV-PAR-DOC-POL-004-00189,primary_support,medium,1,1,
LNK-ITM-POL-003-00186,ITM-POL-003-00186,DRV-PAR-DOC-POL-004-00151,primary_support,medium,1,1,
LNK-ITM-POL-003-00187,ITM-POL-003-00187,DRV-PAR-DOC-POL-004-00100,primary_support,medium,1,1,
LNK-ITM-POL-003-00188,ITM-POL-003-00188,DRV-PAR-DOC-POL-004-00061,primary_support,medium,1,1,
LNK-ITM-POL-003-00189,ITM-POL-003-00189,DRV-PAR-DOC-POL-004-00017,primary_support,medium,1,1,
LNK-ITM-POL-003-00190,ITM-POL-003-00190,DRV-PAR-DOC-POL-004-00056,primary_support,medium,1,1,
LNK-ITM-POL-003-00191,ITM-POL-003-00191,DRV-PAR-DOC-POL-004-00114,primary_support,medium,1,1,
LNK-ITM-POL-003-00192,ITM-POL-003-00192,DRV-PAR-DOC-POL-004-00118,primary_support,medium,1,1,
LNK-ITM-POL-003-00193,ITM-POL-003-00193,DRV-PAR-DOC-POL-004-00035,primary_support,medium,1,1,
LNK-ITM-POL-003-00194,ITM-POL-003-00194,DRV-PAR-DOC-POL-004-00123,primary_support,medium,1,1,
LNK-ITM-POL-004-00195,ITM-POL-004-00195,DRV-PAR-DOC-POL-011-00031,primary_support,medium,1,1,
LNK-ITM-POL-004-00196,ITM-POL-004-00196,DRV-PAR-DOC-POL-011-00038,primary_support,medium,1,1,
LNK-ITM-POL-004-00197,ITM-POL-004-00197,DRV-PAR-DOC-POL-011-00042,primary_support,medium,1,1,
LNK-ITM-POL-004-00198,ITM-POL-004-00198,DRV-PAR-DOC-POL-011-00046,primary_support,medium,1,1,
LNK-ITM-POL-004-00199,ITM-POL-004-00199,DRV-PAR-DOC-POL-011-00056,primary_support,medium,1,1,
LNK-ITM-POL-004-00200,ITM-POL-004-00200,DRV-PAR-DOC-POL-011-00034,primary_support,medium,1,1,
LNK-ITM-POL-004-00201,ITM-POL-004-00201,DRV-PAR-DOC-POL-011-00019,primary_support,medium,1,1,
LNK-ITM-POL-004-00202,ITM-POL-004-00202,DRV-PAR-DOC-POL-011-00026,primary_support,medium,1,1,
LNK-ITM-POL-004-00203,ITM-POL-004-00203,DRV-PAR-DOC-POL-011-00017,primary_support,medium,1,1,
LNK-ITM-POL-004-00204,ITM-POL-004-00204,DRV-PAR-DOC-POL-011-00061,primary_support,medium,1,1,
LNK-ITM-POL-004-00205,ITM-POL-004-00205,DRV-PAR-DOC-POL-011-00021,primary_support,medium,1,1,
LNK-ITM-POL-004-00206,ITM-POL-004-00206,DRV-PAR-DOC-POL-011-00054,primary_support,medium,1,1,
LNK-ITM-POL-004-00207,ITM-POL-004-00207,DRV-PAR-DOC-POL-011-00029,primary_support,medium,1,1,
LNK-ITM-POL-004-00208,ITM-POL-004-00208,DRV-PAR-DOC-POL-011-00058,primary_support,medium,1,1,
LNK-ITM-POL-004-00209,ITM-POL-004-00209,DRV-PAR-DOC-POL-011-00023,primary_support,medium,1,1,
LNK-ITM-POL-004-00210,ITM-POL-004-00210,DRV-PAR-DOC-POL-011-00028,primary_support,medium,1,1,
LNK-ITM-POL-004-00211,ITM-POL-004-00211,DRV-PAR-DOC-POL-011-00018,primary_support,medium,1,1,
LNK-ITM-POL-004-00212,ITM-POL-004-00212,DRV-PAR-DOC-POL-011-00055,primary_support,medium,1,1,
LNK-ITM-POL-004-00213,ITM-POL-004-00213,DRV-PAR-DOC-POL-011-00050,primary_support,medium,1,1,
LNK-ITM-POL-004-00214,ITM-POL-004-00214,DRV-PAR-DOC-POL-011-00027,primary_support,medium,1,1,
LNK-ITM-POL-004-00215,ITM-POL-004-00215,DRV-PAR-DOC-POL-011-00049,primary_support,medium,1,1,
LNK-ITM-POL-004-00216,ITM-POL-004-00216,DRV-PAR-DOC-POL-011-00045,primary_support,medium,1,1,
LNK-ITM-POL-004-00217,ITM-POL-004-00217,DRV-PAR-DOC-POL-011-00052,primary_support,medium,1,1,
LNK-ITM-POL-004-00218,ITM-POL-004-00218,DRV-PAR-DOC-POL-011-00060,primary_support,medium,1,1,
LNK-ITM-POL-004-00219,ITM-POL-004-00219,DRV-PAR-DOC-POL-011-00059,primary_support,medium,1,1,
LNK-ITM-POL-004-00220,ITM-POL-004-00220,DRV-PAR-DOC-POL-011-00063,primary_support,medium,1,1,
LNK-ITM-POL-005-00221,ITM-POL-005-00221,DRV-PAR-DOC-POL-007-00024,primary_support,medium,1,1,
LNK-ITM-POL-005-00222,ITM-POL-005-00222,DRV-PAR-DOC-POL-007-00158,primary_support,medium,1,1,
LNK-ITM-POL-005-00223,ITM-POL-005-00223,DRV-PAR-DOC-POL-007-00173,primary_support,medium,1,1,
LNK-ITM-POL-005-00224,ITM-POL-005-00224,DRV-PAR-DOC-POL-007-00088,primary_support,medium,1,1,
LNK-ITM-POL-005-00225,ITM-POL-005-00225,DRV-PAR-DOC-POL-007-00017,primary_support,medium,1,1,
LNK-ITM-POL-005-00226,ITM-POL-005-00226,DRV-PAR-DOC-POL-007-00159,primary_support,medium,1,1,
LNK-ITM-POL-005-00227,ITM-POL-005-00227,DRV-PAR-DOC-POL-007-00124,primary_support,medium,1,1,
LNK-ITM-POL-005-00228,ITM-POL-005-00228,DRV-PAR-DOC-POL-007-00254,primary_support,medium,1,1,
LNK-ITM-POL-005-00229,ITM-POL-005-00229,DRV-PAR-DOC-POL-007-00084,primary_support,medium,1,1,
LNK-ITM-POL-005-00230,ITM-POL-005-00230,DRV-PAR-DOC-POL-007-00252,primary_support,medium,1,1,
LNK-ITM-POL-005-00231,ITM-POL-005-00231,DRV-PAR-DOC-POL-007-00128,primary_support,medium,1,1,
LNK-ITM-POL-005-00232,ITM-POL-005-00232,DRV-PAR-DOC-POL-007-00083,primary_support,medium,1,1,
LNK-ITM-POL-005-00233,ITM-POL-005-00233,DRV-PAR-DOC-POL-007-00246,primary_support,medium,1,1,
LNK-ITM-POL-005-00234,ITM-POL-005-00234,DRV-PAR-DOC-POL-007-00151,primary_support,medium,1,1,
LNK-ITM-POL-005-00235,ITM-POL-005-00235,DRV-PAR-DOC-POL-007-00247,primary_support,medium,1,1,
LNK-ITM-POL-005-00236,ITM-POL-005-00236,DRV-PAR-DOC-POL-007-00135,primary_support,medium,1,1,
LNK-ITM-POL-005-00237,ITM-POL-005-00237,DRV-PAR-DOC-POL-007-00166,primary_support,medium,1,1,
LNK-ITM-POL-005-00238,ITM-POL-005-00238,DRV-PAR-DOC-POL-007-00076,primary_support,medium,1,1,
LNK-ITM-POL-005-00239,ITM-POL-005-00239,DRV-PAR-DOC-POL-007-00229,primary_support,medium,1,1,
LNK-ITM-POL-005-00240,ITM-POL-005-00240,DRV-PAR-DOC-POL-007-00155,primary_support,medium,1,1,
LNK-ITM-POL-005-00241,ITM-POL-005-00241,DRV-PAR-DOC-POL-007-00232,primary_support,medium,1,1,
LNK-ITM-POL-005-00242,ITM-POL-005-00242,DRV-PAR-DOC-POL-007-00131,primary_support,medium,1,1,
LNK-ITM-POL-005-00243,ITM-POL-005-00243,DRV-PAR-DOC-POL-007-00241,primary_support,medium,1,1,
LNK-ITM-POL-005-00244,ITM-POL-005-00244,DRV-PAR-DOC-POL-007-00165,primary_support,medium,1,1,
LNK-ITM-POL-005-00245,ITM-POL-005-00245,DRV-PAR-DOC-POL-007-00146,primary_support,medium,1,1,
LNK-ITM-POL-005-00246,ITM-POL-005-00246,DRV-PAR-DOC-POL-007-00161,primary_support,medium,1,1,
LNK-ITM-POL-005-00247,ITM-POL-005-00247,DRV-PAR-DOC-POL-007-00240,primary_support,medium,1,1,
LNK-ITM-POL-005-00248,ITM-POL-005-00248,DRV-PAR-DOC-POL-007-00222,primary_support,medium,1,1,
LNK-ITM-POL-005-00249,ITM-POL-005-00249,DRV-PAR-DOC-POL-007-00074,primary_support,medium,1,1,
LNK-ITM-POL-005-00250,ITM-POL-005-00250,DRV-PAR-DOC-POL-007-00064,primary_support,medium,1,1,
LNK-ITM-POL-005-00251,ITM-POL-005-00251,DRV-PAR-DOC-POL-007-00051,primary_support,medium,1,1,
LNK-ITM-POL-005-00252,ITM-POL-005-00252,DRV-PAR-DOC-POL-007-00068,primary_support,medium,1,1,
LNK-ITM-POL-005-00253,ITM-POL-005-00253,DRV-PAR-DOC-POL-007-00120,primary_support,medium,1,1,
LNK-ITM-POL-005-00254,ITM-POL-005-00254,DRV-PAR-DOC-POL-007-00103,primary_support,medium,1,1,
LNK-ITM-POL-005-00255,ITM-POL-005-00255,DRV-PAR-DOC-POL-007-00055,primary_support,medium,1,1,
LNK-ITM-POL-005-00256,ITM-POL-005-00256,DRV-PAR-DOC-POL-007-00171,primary_support,medium,1,1,
LNK-ITM-POL-005-00257,ITM-POL-005-00257,DRV-PAR-DOC-POL-007-00098,primary_support,medium,1,1,
LNK-ITM-POL-005-00258,ITM-POL-005-00258,DRV-PAR-DOC-POL-007-00211,primary_support,medium,1,1,
LNK-ITM-POL-005-00259,ITM-POL-005-00259,DRV-PAR-DOC-POL-007-00090,primary_support,medium,1,1,
LNK-ITM-POL-005-00260,ITM-POL-005-00260,DRV-PAR-DOC-POL-007-00092,primary_support,medium,1,1,
LNK-ITM-POL-005-00261,ITM-POL-005-00261,DRV-PAR-DOC-POL-007-00093,primary_support,medium,1,1,
LNK-ITM-POL-005-00262,ITM-POL-005-00262,DRV-PAR-DOC-POL-007-00105,primary_support,medium,1,1,
LNK-ITM-POL-005-00263,ITM-POL-005-00263,DRV-PAR-DOC-POL-007-00214,primary_support,medium,1,1,
LNK-ITM-POL-005-00264,ITM-POL-005-00264,DRV-PAR-DOC-POL-007-00097,primary_support,medium,1,1,
LNK-ITM-POL-005-00265,ITM-POL-005-00265,DRV-PAR-DOC-POL-007-00032,primary_support,medium,1,1,
LNK-ITM-POL-005-00266,ITM-POL-005-00266,DRV-PAR-DOC-POL-007-00072,primary_support,medium,1,1,
LNK-ITM-POL-005-00267,ITM-POL-005-00267,DRV-PAR-DOC-POL-007-00239,primary_support,medium,1,1,
LNK-ITM-POL-005-00268,ITM-POL-005-00268,DRV-PAR-DOC-POL-007-00004,primary_support,medium,1,1,
LNK-ITM-POL-005-00269,ITM-POL-005-00269,DRV-PAR-DOC-POL-007-00216,primary_support,medium,1,1,
LNK-ITM-POL-005-00270,ITM-POL-005-00270,DRV-PAR-DOC-POL-007-00027,primary_support,medium,1,1,
LNK-ITM-POL-005-00271,ITM-POL-005-00271,DRV-PAR-DOC-POL-007-00184,primary_support,medium,1,1,
LNK-ITM-POL-005-00272,ITM-POL-005-00272,DRV-PAR-DOC-POL-007-00008,primary_support,medium,1,1,
LNK-ITM-POL-005-00273,ITM-POL-005-00273,DRV-PAR-DOC-POL-007-00085,primary_support,medium,1,1,
LNK-ITM-POL-005-00274,ITM-POL-005-00274,DRV-PAR-DOC-POL-007-00164,primary_support,medium,1,1,
LNK-ITM-POL-005-00275,ITM-POL-005-00275,DRV-PAR-DOC-POL-007-00169,primary_support,medium,1,1,
LNK-ITM-POL-005-00276,ITM-POL-005-00276,DRV-PAR-DOC-POL-007-00180,primary_support,medium,1,1,
LNK-ITM-POL-005-00277,ITM-POL-005-00277,DRV-PAR-DOC-POL-007-00197,primary_support,medium,1,1,
LNK-ITM-POL-005-00278,ITM-POL-005-00278,DRV-PAR-DOC-POL-007-00015,primary_support,medium,1,1,
LNK-ITM-POL-005-00279,ITM-POL-005-00279,DRV-PAR-DOC-POL-007-00095,primary_support,medium,1,1,
LNK-ITM-POL-005-00280,ITM-POL-005-00280,DRV-PAR-DOC-POL-007-00030,primary_support,medium,1,1,
LNK-ITM-POL-005-00281,ITM-POL-005-00281,DRV-PAR-DOC-POL-007-00022,primary_support,medium,1,1,
LNK-ITM-POL-005-00282,ITM-POL-005-00282,DRV-PAR-DOC-POL-007-00013,primary_support,medium,1,1,
LNK-ITM-POL-005-00283,ITM-POL-005-00283,DRV-PAR-DOC-POL-007-00177,primary_support,medium,1,1,
LNK-ITM-POL-005-00284,ITM-POL-005-00284,DRV-PAR-DOC-POL-007-00123,primary_support,medium,1,1,
LNK-ITM-POL-005-00285,ITM-POL-005-00285,DRV-PAR-DOC-POL-007-00236,primary_support,medium,1,1,
LNK-ITM-POL-005-00286,ITM-POL-005-00286,DRV-PAR-DOC-POL-007-00125,primary_support,medium,1,1,
LNK-ITM-POL-005-00287,ITM-POL-005-00287,DRV-PAR-DOC-POL-007-00130,primary_support,medium,1,1,
LNK-ITM-POL-005-00288,ITM-POL-005-00288,DRV-PAR-DOC-POL-007-00156,primary_support,medium,1,1,
LNK-ITM-POL-005-00289,ITM-POL-005-00289,DRV-PAR-DOC-POL-007-00175,primary_support,medium,1,1,
LNK-ITM-POL-005-00290,ITM-POL-005-00290,DRV-PAR-DOC-POL-007-00153,primary_support,medium,1,1,
LNK-ITM-POL-005-00291,ITM-POL-005-00291,DRV-PAR-DOC-POL-007-00101,primary_support,medium,1,1,
LNK-ITM-POL-005-00292,ITM-POL-005-00292,DRV-PAR-DOC-POL-007-00075,primary_support,medium,1,1,
LNK-ITM-POL-005-00293,ITM-POL-005-00293,DRV-PAR-DOC-POL-007-00213,primary_support,medium,1,1,
LNK-ITM-POL-005-00294,ITM-POL-005-00294,DRV-PAR-DOC-POL-007-00023,primary_support,medium,1,1,
LNK-ITM-POL-005-00295,ITM-POL-005-00295,DRV-PAR-DOC-POL-007-00100,primary_support,medium,1,1,
LNK-ITM-POL-005-00296,ITM-POL-005-00296,DRV-PAR-DOC-POL-007-00071,primary_support,medium,1,1,
LNK-ITM-POL-005-00297,ITM-POL-005-00297,DRV-PAR-DOC-POL-007-00053,primary_support,medium,1,1,
LNK-ITM-POL-005-00298,ITM-POL-005-00298,DRV-PAR-DOC-POL-007-00137,primary_support,medium,1,1,
LNK-ITM-POL-005-00299,ITM-POL-005-00299,DRV-PAR-DOC-POL-007-00141,primary_support,medium,1,1,
LNK-ITM-POL-005-00300,ITM-POL-005-00300,DRV-PAR-DOC-POL-007-00221,primary_support,medium,1,1,
LNK-ITM-POL-005-00301,ITM-POL-005-00301,DRV-PAR-DOC-POL-007-00009,primary_support,medium,1,1,
LNK-ITM-POL-005-00302,ITM-POL-005-00302,DRV-PAR-DOC-POL-007-00251,primary_support,medium,1,1,
LNK-ITM-POL-005-00303,ITM-POL-005-00303,DRV-PAR-DOC-POL-007-00011,primary_support,medium,1,1,
LNK-ITM-POL-005-00304,ITM-POL-005-00304,DRV-PAR-DOC-POL-007-00235,primary_support,medium,1,1,
LNK-ITM-POL-005-00305,ITM-POL-005-00305,DRV-PAR-DOC-POL-007-00224,primary_support,medium,1,1,
LNK-ITM-POL-005-00306,ITM-POL-005-00306,DRV-PAR-DOC-POL-007-00237,primary_support,medium,1,1,
LNK-ITM-POL-005-00307,ITM-POL-005-00307,DRV-PAR-DOC-POL-007-00147,primary_support,medium,1,1,
LNK-ITM-POL-005-00308,ITM-POL-005-00308,DRV-PAR-DOC-POL-007-00206,primary_support,medium,1,1,
LNK-ITM-POL-005-00309,ITM-POL-005-00309,DRV-PAR-DOC-POL-007-00056,primary_support,medium,1,1,
LNK-ITM-POL-005-00310,ITM-POL-005-00310,DRV-PAR-DOC-POL-007-00231,primary_support,medium,1,1,
LNK-ITM-POL-005-00311,ITM-POL-005-00311,DRV-PAR-DOC-POL-007-00228,primary_support,medium,1,1,
LNK-ITM-POL-005-00312,ITM-POL-005-00312,DRV-PAR-DOC-POL-007-00242,primary_support,medium,1,1,
LNK-ITM-POL-005-00313,ITM-POL-005-00313,DRV-PAR-DOC-POL-007-00250,primary_support,medium,1,1,
LNK-ITM-POL-005-00314,ITM-POL-005-00314,DRV-PAR-DOC-POL-007-00249,primary_support,medium,1,1,
LNK-ITM-POL-005-00315,ITM-POL-005-00315,DRV-PAR-DOC-POL-007-00244,primary_support,medium,1,1,
LNK-ITM-POL-005-00316,ITM-POL-005-00316,DRV-PAR-DOC-POL-007-00121,primary_support,medium,1,1,
LNK-ITM-POL-005-00317,ITM-POL-005-00317,DRV-PAR-DOC-POL-007-00243,primary_support,medium,1,1,
LNK-ITM-POL-006-00318,ITM-POL-006-00318,DRV-PAR-DOC-POL-003-00098,primary_support,medium,1,1,
LNK-ITM-POL-006-00319,ITM-POL-006-00319,DRV-PAR-DOC-POL-003-00052,primary_support,medium,1,1,
LNK-ITM-POL-006-00320,ITM-POL-006-00320,DRV-PAR-DOC-POL-003-00090,primary_support,medium,1,1,
LNK-ITM-POL-006-00321,ITM-POL-006-00321,DRV-PAR-DOC-POL-003-00106,primary_support,medium,1,1,
LNK-ITM-POL-006-00322,ITM-POL-006-00322,DRV-PAR-DOC-POL-003-00109,primary_support,medium,1,1,
LNK-ITM-POL-006-00323,ITM-POL-006-00323,DRV-PAR-DOC-POL-003-00105,primary_support,medium,1,1,
LNK-ITM-POL-006-00324,ITM-POL-006-00324,DRV-PAR-DOC-POL-003-00088,primary_support,medium,1,1,
LNK-ITM-POL-006-00325,ITM-POL-006-00325,DRV-PAR-DOC-POL-003-00028,primary_support,medium,1,1,
LNK-ITM-POL-006-00326,ITM-POL-006-00326,DRV-PAR-DOC-POL-003-00131,primary_support,medium,1,1,
LNK-ITM-POL-006-00327,ITM-POL-006-00327,DRV-PAR-DOC-POL-003-00114,primary_support,medium,1,1,
LNK-ITM-POL-006-00328,ITM-POL-006-00328,DRV-PAR-DOC-POL-003-00110,primary_support,medium,1,1,
LNK-ITM-POL-006-00329,ITM-POL-006-00329,DRV-PAR-DOC-POL-003-00117,primary_support,medium,1,1,
LNK-ITM-POL-006-00330,ITM-POL-006-00330,DRV-PAR-DOC-POL-003-00002,primary_support,medium,1,1,
LNK-ITM-POL-006-00331,ITM-POL-006-00331,DRV-PAR-DOC-POL-003-00041,primary_support,medium,1,1,
LNK-ITM-POL-006-00332,ITM-POL-006-00332,DRV-PAR-DOC-POL-003-00063,primary_support,medium,1,1,
LNK-ITM-POL-006-00333,ITM-POL-006-00333,DRV-PAR-DOC-POL-003-00056,primary_support,medium,1,1,
LNK-ITM-POL-006-00334,ITM-POL-006-00334,DRV-PAR-DOC-POL-003-00094,primary_support,medium,1,1,
LNK-ITM-POL-006-00335,ITM-POL-006-00335,DRV-PAR-DOC-POL-003-00119,primary_support,medium,1,1,
LNK-ITM-POL-006-00336,ITM-POL-006-00336,DRV-PAR-DOC-POL-003-00066,primary_support,medium,1,1,
LNK-ITM-POL-006-00337,ITM-POL-006-00337,DRV-PAR-DOC-POL-003-00007,primary_support,medium,1,1,
LNK-ITM-POL-006-00338,ITM-POL-006-00338,DRV-PAR-DOC-POL-003-00070,primary_support,medium,1,1,
LNK-ITM-POL-006-00339,ITM-POL-006-00339,DRV-PAR-DOC-POL-003-00124,primary_support,medium,1,1,
LNK-ITM-POL-006-00340,ITM-POL-006-00340,DRV-PAR-DOC-POL-003-00024,primary_support,medium,1,1,
LNK-ITM-POL-006-00341,ITM-POL-006-00341,DRV-PAR-DOC-POL-003-00089,primary_support,medium,1,1,
LNK-ITM-POL-006-00342,ITM-POL-006-00342,DRV-PAR-DOC-POL-003-00082,primary_support,medium,1,1,
LNK-ITM-POL-006-00343,ITM-POL-006-00343,DRV-PAR-DOC-POL-003-00115,primary_support,medium,1,1,
LNK-ITM-POL-006-00344,ITM-POL-006-00344,DRV-PAR-DOC-POL-003-00049,primary_support,medium,1,1,
LNK-ITM-POL-006-00345,ITM-POL-006-00345,DRV-PAR-DOC-POL-003-00125,primary_support,medium,1,1,
LNK-ITM-POL-006-00346,ITM-POL-006-00346,DRV-PAR-DOC-POL-003-00118,primary_support,medium,1,1,
LNK-ITM-POL-006-00347,ITM-POL-006-00347,DRV-PAR-DOC-POL-003-00047,primary_support,medium,1,1,
LNK-ITM-POL-006-00348,ITM-POL-006-00348,DRV-PAR-DOC-POL-003-00120,primary_support,medium,1,1,
LNK-ITM-POL-006-00349,ITM-POL-006-00349,DRV-PAR-DOC-POL-003-00127,primary_support,medium,1,1,
LNK-ITM-POL-006-00350,ITM-POL-006-00350,DRV-PAR-DOC-POL-003-00058,primary_support,medium,1,1,
LNK-ITM-POL-006-00351,ITM-POL-006-00351,DRV-PAR-DOC-POL-003-00099,primary_support,medium,1,1,
LNK-ITM-POL-006-00352,ITM-POL-006-00352,DRV-PAR-DOC-POL-003-00084,primary_support,medium,1,1,
LNK-ITM-POL-006-00353,ITM-POL-006-00353,DRV-PAR-DOC-POL-003-00065,primary_support,medium,1,1,
LNK-ITM-POL-006-00354,ITM-POL-006-00354,DRV-PAR-DOC-POL-003-00032,primary_support,medium,1,1,
LNK-ITM-POL-006-00355,ITM-POL-006-00355,DRV-PAR-DOC-POL-003-00033,primary_support,medium,1,1,
LNK-ITM-POL-006-00356,ITM-POL-006-00356,DRV-PAR-DOC-POL-003-00077,primary_support,medium,1,1,
LNK-ITM-POL-006-00357,ITM-POL-006-00357,DRV-PAR-DOC-POL-003-00072,primary_support,medium,1,1,
LNK-ITM-POL-006-00358,ITM-POL-006-00358,DRV-PAR-DOC-POL-003-00074,primary_support,medium,1,1,
LNK-ITM-POL-006-00359,ITM-POL-006-00359,DRV-PAR-DOC-POL-003-00004,primary_support,medium,1,1,
LNK-ITM-POL-006-00360,ITM-POL-006-00360,DRV-PAR-DOC-POL-003-00121,primary_support,medium,1,1,
LNK-ITM-POL-006-00361,ITM-POL-006-00361,DRV-PAR-DOC-POL-003-00012,primary_support,medium,1,1,
LNK-ITM-POL-006-00362,ITM-POL-006-00362,DRV-PAR-DOC-POL-003-00039,primary_support,medium,1,1,
LNK-ITM-POL-006-00363,ITM-POL-006-00363,DRV-PAR-DOC-POL-003-00101,primary_support,medium,1,1,
LNK-ITM-POL-006-00364,ITM-POL-006-00364,DRV-PAR-DOC-POL-003-00037,primary_support,medium,1,1,
LNK-ITM-POL-006-00365,ITM-POL-006-00365,DRV-PAR-DOC-POL-003-00079,primary_support,medium,1,1,
LNK-ITM-POL-006-00366,ITM-POL-006-00366,DRV-PAR-DOC-POL-003-00055,primary_support,medium,1,1,
LNK-ITM-POL-006-00367,ITM-POL-006-00367,DRV-PAR-DOC-POL-003-00068,primary_support,medium,1,1,
LNK-ITM-POL-006-00368,ITM-POL-006-00368,DRV-PAR-DOC-POL-003-00025,primary_support,medium,1,1,
LNK-ITM-POL-006-00369,ITM-POL-006-00369,DRV-PAR-DOC-POL-003-00128,primary_support,medium,1,1,
LNK-ITM-POL-006-00370,ITM-POL-006-00370,DRV-PAR-DOC-POL-003-00050,primary_support,medium,1,1,
LNK-ITM-POL-006-00371,ITM-POL-006-00371,DRV-PAR-DOC-POL-003-00075,primary_support,medium,1,1,
LNK-ITM-POL-006-00372,ITM-POL-006-00372,DRV-PAR-DOC-POL-003-00030,primary_support,medium,1,1,
LNK-ITM-POL-006-00373,ITM-POL-006-00373,DRV-PAR-DOC-POL-003-00086,primary_support,medium,1,1,
LNK-ITM-POL-006-00374,ITM-POL-006-00374,DRV-PAR-DOC-POL-003-00092,primary_support,medium,1,1,
LNK-ITM-POL-006-00375,ITM-POL-006-00375,DRV-PAR-DOC-POL-003-00060,primary_support,medium,1,1,
LNK-ITM-POL-006-00376,ITM-POL-006-00376,DRV-PAR-DOC-POL-003-00011,primary_support,medium,1,1,
LNK-ITM-POL-006-00377,ITM-POL-006-00377,DRV-PAR-DOC-POL-003-00062,primary_support,medium,1,1,
LNK-ITM-POL-006-00378,ITM-POL-006-00378,DRV-PAR-DOC-POL-003-00059,primary_support,medium,1,1,
LNK-ITM-POL-006-00379,ITM-POL-006-00379,DRV-PAR-DOC-POL-003-00054,primary_support,medium,1,1,
LNK-ITM-POL-006-00380,ITM-POL-006-00380,DRV-PAR-DOC-POL-003-00045,primary_support,medium,1,1,
LNK-ITM-POL-007-00381,ITM-POL-007-00381,DRV-PAR-DOC-POL-009-00253,primary_support,medium,1,1,
LNK-ITM-POL-007-00382,ITM-POL-007-00382,DRV-PAR-DOC-POL-009-00260,primary_support,medium,1,1,
LNK-ITM-POL-007-00383,ITM-POL-007-00383,DRV-PAR-DOC-POL-009-00050,primary_support,medium,1,1,
LNK-ITM-POL-007-00384,ITM-POL-007-00384,DRV-PAR-DOC-POL-009-00043,primary_support,medium,1,1,
LNK-ITM-POL-007-00385,ITM-POL-007-00385,DRV-PAR-DOC-POL-009-00211,primary_support,medium,1,1,
LNK-ITM-POL-007-00386,ITM-POL-007-00386,DRV-PAR-DOC-POL-009-00062,primary_support,medium,1,1,
LNK-ITM-POL-007-00387,ITM-POL-007-00387,DRV-PAR-DOC-POL-009-00217,primary_support,medium,1,1,
LNK-ITM-POL-007-00388,ITM-POL-007-00388,DRV-PAR-DOC-POL-009-00106,primary_support,medium,1,1,
LNK-ITM-POL-007-00389,ITM-POL-007-00389,DRV-PAR-DOC-POL-009-00132,primary_support,medium,1,1,
LNK-ITM-POL-007-00390,ITM-POL-007-00390,DRV-PAR-DOC-POL-009-00118,primary_support,medium,1,1,
LNK-ITM-POL-007-00391,ITM-POL-007-00391,DRV-PAR-DOC-POL-009-00143,primary_support,medium,1,1,
LNK-ITM-POL-007-00392,ITM-POL-007-00392,DRV-PAR-DOC-POL-009-00020,primary_support,medium,1,1,
LNK-ITM-POL-007-00393,ITM-POL-007-00393,DRV-PAR-DOC-POL-009-00025,primary_support,medium,1,1,
LNK-ITM-POL-007-00394,ITM-POL-007-00394,DRV-PAR-DOC-POL-009-00028,primary_support,medium,1,1,
LNK-ITM-POL-007-00395,ITM-POL-007-00395,DRV-PAR-DOC-POL-009-00023,primary_support,medium,1,1,
LNK-ITM-POL-007-00396,ITM-POL-007-00396,DRV-PAR-DOC-POL-009-00098,primary_support,medium,1,1,
LNK-ITM-POL-007-00397,ITM-POL-007-00397,DRV-PAR-DOC-POL-009-00196,primary_support,medium,1,1,
LNK-ITM-POL-007-00398,ITM-POL-007-00398,DRV-PAR-DOC-POL-009-00213,primary_support,medium,1,1,
LNK-ITM-POL-007-00399,ITM-POL-007-00399,DRV-PAR-DOC-POL-009-00188,primary_support,medium,1,1,
LNK-ITM-POL-007-00400,ITM-POL-007-00400,DRV-PAR-DOC-POL-009-00215,primary_support,medium,1,1,
LNK-ITM-POL-007-00401,ITM-POL-007-00401,DRV-PAR-DOC-POL-009-00230,primary_support,medium,1,1,
LNK-ITM-POL-007-00402,ITM-POL-007-00402,DRV-PAR-DOC-POL-009-00148,primary_support,medium,1,1,
LNK-ITM-POL-007-00403,ITM-POL-007-00403,DRV-PAR-DOC-POL-009-00248,primary_support,medium,1,1,
LNK-ITM-POL-007-00404,ITM-POL-007-00404,DRV-PAR-DOC-POL-009-00263,primary_support,medium,1,1,
LNK-ITM-POL-007-00405,ITM-POL-007-00405,DRV-PAR-DOC-POL-009-00064,primary_support,medium,1,1,
LNK-ITM-POL-007-00406,ITM-POL-007-00406,DRV-PAR-DOC-POL-009-00144,primary_support,medium,1,1,
LNK-ITM-POL-007-00407,ITM-POL-007-00407,DRV-PAR-DOC-POL-009-00004,primary_support,medium,1,1,
LNK-ITM-POL-007-00408,ITM-POL-007-00408,DRV-PAR-DOC-POL-009-00226,primary_support,medium,1,1,
LNK-ITM-POL-007-00409,ITM-POL-007-00409,DRV-PAR-DOC-POL-009-00246,primary_support,medium,1,1,
LNK-ITM-POL-007-00410,ITM-POL-007-00410,DRV-PAR-DOC-POL-009-00169,primary_support,medium,1,1,
LNK-ITM-POL-007-00411,ITM-POL-007-00411,DRV-PAR-DOC-POL-009-00259,primary_support,medium,1,1,
LNK-ITM-POL-007-00412,ITM-POL-007-00412,DRV-PAR-DOC-POL-009-00061,primary_support,medium,1,1,
LNK-ITM-POL-007-00413,ITM-POL-007-00413,DRV-PAR-DOC-POL-009-00206,primary_support,medium,1,1,
LNK-ITM-POL-007-00414,ITM-POL-007-00414,DRV-PAR-DOC-POL-009-00153,primary_support,medium,1,1,
LNK-ITM-POL-007-00415,ITM-POL-007-00415,DRV-PAR-DOC-POL-009-00054,primary_support,medium,1,1,
LNK-ITM-POL-007-00416,ITM-POL-007-00416,DRV-PAR-DOC-POL-009-00109,primary_support,medium,1,1,
LNK-ITM-POL-007-00417,ITM-POL-007-00417,DRV-PAR-DOC-POL-009-00040,primary_support,medium,1,1,
LNK-ITM-POL-007-00418,ITM-POL-007-00418,DRV-PAR-DOC-POL-009-00190,primary_support,medium,1,1,
LNK-ITM-POL-007-00419,ITM-POL-007-00419,DRV-PAR-DOC-POL-009-00114,primary_support,medium,1,1,
LNK-ITM-POL-007-00420,ITM-POL-007-00420,DRV-PAR-DOC-POL-009-00186,primary_support,medium,1,1,
LNK-ITM-POL-007-00421,ITM-POL-007-00421,DRV-PAR-DOC-POL-009-00060,primary_support,medium,1,1,
LNK-ITM-POL-007-00422,ITM-POL-007-00422,DRV-PAR-DOC-POL-009-00127,primary_support,medium,1,1,
LNK-ITM-POL-007-00423,ITM-POL-007-00423,DRV-PAR-DOC-POL-009-00166,primary_support,medium,1,1,
LNK-ITM-POL-007-00424,ITM-POL-007-00424,DRV-PAR-DOC-POL-009-00200,primary_support,medium,1,1,
LNK-ITM-POL-007-00425,ITM-POL-007-00425,DRV-PAR-DOC-POL-009-00203,primary_support,medium,1,1,
LNK-ITM-POL-007-00426,ITM-POL-007-00426,DRV-PAR-DOC-POL-009-00192,primary_support,medium,1,1,
LNK-ITM-POL-007-00427,ITM-POL-007-00427,DRV-PAR-DOC-POL-009-00209,primary_support,medium,1,1,
LNK-ITM-POL-007-00428,ITM-POL-007-00428,DRV-PAR-DOC-POL-009-00048,primary_support,medium,1,1,
LNK-ITM-POL-007-00429,ITM-POL-007-00429,DRV-PAR-DOC-POL-009-00233,primary_support,medium,1,1,
LNK-ITM-POL-007-00430,ITM-POL-007-00430,DRV-PAR-DOC-POL-009-00175,primary_support,medium,1,1,
LNK-ITM-POL-007-00431,ITM-POL-007-00431,DRV-PAR-DOC-POL-009-00010,primary_support,medium,1,1,
LNK-ITM-POL-007-00432,ITM-POL-007-00432,DRV-PAR-DOC-POL-009-00161,primary_support,medium,1,1,
LNK-ITM-POL-007-00433,ITM-POL-007-00433,DRV-PAR-DOC-POL-009-00103,primary_support,medium,1,1,
LNK-ITM-POL-007-00434,ITM-POL-007-00434,DRV-PAR-DOC-POL-009-00204,primary_support,medium,1,1,
LNK-ITM-POL-007-00435,ITM-POL-007-00435,DRV-PAR-DOC-POL-009-00290,primary_support,medium,1,1,
LNK-ITM-POL-007-00436,ITM-POL-007-00436,DRV-PAR-DOC-POL-009-00184,primary_support,medium,1,1,
LNK-ITM-POL-007-00437,ITM-POL-007-00437,DRV-PAR-DOC-POL-009-00182,primary_support,medium,1,1,
LNK-ITM-POL-007-00438,ITM-POL-007-00438,DRV-PAR-DOC-POL-009-00101,primary_support,medium,1,1,
LNK-ITM-POL-007-00439,ITM-POL-007-00439,DRV-PAR-DOC-POL-009-00168,primary_support,medium,1,1,
LNK-ITM-POL-007-00440,ITM-POL-007-00440,DRV-PAR-DOC-POL-009-00096,primary_support,medium,1,1,
LNK-ITM-POL-007-00441,ITM-POL-007-00441,DRV-PAR-DOC-POL-009-00035,primary_support,medium,1,1,
LNK-ITM-POL-007-00442,ITM-POL-007-00442,DRV-PAR-DOC-POL-009-00267,primary_support,medium,1,1,
LNK-ITM-POL-007-00443,ITM-POL-007-00443,DRV-PAR-DOC-POL-009-00208,primary_support,medium,1,1,
LNK-ITM-POL-007-00444,ITM-POL-007-00444,DRV-PAR-DOC-POL-009-00159,primary_support,medium,1,1,
LNK-ITM-POL-007-00445,ITM-POL-007-00445,DRV-PAR-DOC-POL-009-00024,primary_support,medium,1,1,
LNK-ITM-POL-007-00446,ITM-POL-007-00446,DRV-PAR-DOC-POL-009-00072,primary_support,medium,1,1,
LNK-ITM-POL-007-00447,ITM-POL-007-00447,DRV-PAR-DOC-POL-009-00021,primary_support,medium,1,1,
LNK-ITM-POL-007-00448,ITM-POL-007-00448,DRV-PAR-DOC-POL-009-00047,primary_support,medium,1,1,
LNK-ITM-POL-007-00449,ITM-POL-007-00449,DRV-PAR-DOC-POL-009-00055,primary_support,medium,1,1,
LNK-ITM-POL-007-00450,ITM-POL-007-00450,DRV-PAR-DOC-POL-009-00275,primary_support,medium,1,1,
LNK-ITM-POL-007-00451,ITM-POL-007-00451,DRV-PAR-DOC-POL-009-00137,primary_support,medium,1,1,
LNK-ITM-POL-007-00452,ITM-POL-007-00452,DRV-PAR-DOC-POL-009-00129,primary_support,medium,1,1,
LNK-ITM-POL-007-00453,ITM-POL-007-00453,DRV-PAR-DOC-POL-009-00170,primary_support,medium,1,1,
LNK-ITM-POL-007-00454,ITM-POL-007-00454,DRV-PAR-DOC-POL-009-00067,primary_support,medium,1,1,
LNK-ITM-POL-007-00455,ITM-POL-007-00455,DRV-PAR-DOC-POL-009-00146,primary_support,medium,1,1,
LNK-ITM-POL-007-00456,ITM-POL-007-00456,DRV-PAR-DOC-POL-009-00221,primary_support,medium,1,1,
LNK-ITM-POL-007-00457,ITM-POL-007-00457,DRV-PAR-DOC-POL-009-00279,primary_support,medium,1,1,
LNK-ITM-POL-007-00458,ITM-POL-007-00458,DRV-PAR-DOC-POL-009-00033,primary_support,medium,1,1,
LNK-ITM-POL-007-00459,ITM-POL-007-00459,DRV-PAR-DOC-POL-009-00227,primary_support,medium,1,1,
LNK-ITM-POL-007-00460,ITM-POL-007-00460,DRV-PAR-DOC-POL-009-00287,primary_support,medium,1,1,
LNK-ITM-POL-007-00461,ITM-POL-007-00461,DRV-PAR-DOC-POL-009-00272,primary_support,medium,1,1,
LNK-ITM-POL-007-00462,ITM-POL-007-00462,DRV-PAR-DOC-POL-009-00219,primary_support,medium,1,1,
LNK-ITM-POL-007-00463,ITM-POL-007-00463,DRV-PAR-DOC-POL-009-00037,primary_support,medium,1,1,
LNK-ITM-POL-007-00464,ITM-POL-007-00464,DRV-PAR-DOC-POL-009-00218,primary_support,medium,1,1,
LNK-ITM-POL-007-00465,ITM-POL-007-00465,DRV-PAR-DOC-POL-009-00224,primary_support,medium,1,1,
LNK-ITM-POL-007-00466,ITM-POL-007-00466,DRV-PAR-DOC-POL-009-00075,primary_support,medium,1,1,
LNK-ITM-POL-007-00467,ITM-POL-007-00467,DRV-PAR-DOC-POL-009-00178,primary_support,medium,1,1,
LNK-ITM-POL-007-00468,ITM-POL-007-00468,DRV-PAR-DOC-POL-009-00038,primary_support,medium,1,1,
LNK-ITM-POL-007-00469,ITM-POL-007-00469,DRV-PAR-DOC-POL-009-00110,primary_support,medium,1,1,
LNK-ITM-POL-007-00470,ITM-POL-007-00470,DRV-PAR-DOC-POL-009-00228,primary_support,medium,1,1,
LNK-ITM-POL-007-00471,ITM-POL-007-00471,DRV-PAR-DOC-POL-009-00122,primary_support,medium,1,1,
LNK-ITM-POL-007-00472,ITM-POL-007-00472,DRV-PAR-DOC-POL-009-00271,primary_support,medium,1,1,
LNK-ITM-POL-007-00473,ITM-POL-007-00473,DRV-PAR-DOC-POL-009-00255,primary_support,medium,1,1,
LNK-ITM-POL-007-00474,ITM-POL-007-00474,DRV-PAR-DOC-POL-009-00018,primary_support,medium,1,1,
LNK-ITM-POL-007-00475,ITM-POL-007-00475,DRV-PAR-DOC-POL-009-00162,primary_support,medium,1,1,
LNK-ITM-POL-007-00476,ITM-POL-007-00476,DRV-PAR-DOC-POL-009-00057,primary_support,medium,1,1,
LNK-ITM-POL-007-00477,ITM-POL-007-00477,DRV-PAR-DOC-POL-009-00173,primary_support,medium,1,1,
LNK-ITM-POL-007-00478,ITM-POL-007-00478,DRV-PAR-DOC-POL-009-00045,primary_support,medium,1,1,
LNK-ITM-POL-007-00479,ITM-POL-007-00479,DRV-PAR-DOC-POL-009-00115,primary_support,medium,1,1,
LNK-ITM-POL-007-00480,ITM-POL-007-00480,DRV-PAR-DOC-POL-009-00012,primary_support,medium,1,1,
LNK-ITM-POL-007-00481,ITM-POL-007-00481,DRV-PAR-DOC-POL-009-00202,primary_support,medium,1,1,
LNK-ITM-POL-007-00482,ITM-POL-007-00482,DRV-PAR-DOC-POL-009-00160,primary_support,medium,1,1,
LNK-ITM-POL-007-00483,ITM-POL-007-00483,DRV-PAR-DOC-POL-009-00152,primary_support,medium,1,1,
LNK-ITM-POL-007-00484,ITM-POL-007-00484,DRV-PAR-DOC-POL-009-00002,primary_support,medium,1,1,
LNK-ITM-POL-007-00485,ITM-POL-007-00485,DRV-PAR-DOC-POL-009-00236,primary_support,medium,1,1,
LNK-ITM-POL-007-00486,ITM-POL-007-00486,DRV-PAR-DOC-POL-009-00051,primary_support,medium,1,1,
LNK-ITM-POL-007-00487,ITM-POL-007-00487,DRV-PAR-DOC-POL-009-00254,primary_support,medium,1,1,
LNK-ITM-POL-007-00488,ITM-POL-007-00488,DRV-PAR-DOC-POL-009-00277,primary_support,medium,1,1,
LNK-ITM-POL-007-00489,ITM-POL-007-00489,DRV-PAR-DOC-POL-009-00052,primary_support,medium,1,1,
LNK-ITM-POL-007-00490,ITM-POL-007-00490,DRV-PAR-DOC-POL-009-00216,primary_support,medium,1,1,
LNK-ITM-POL-007-00491,ITM-POL-007-00491,DRV-PAR-DOC-POL-009-00031,primary_support,medium,1,1,
LNK-ITM-POL-007-00492,ITM-POL-007-00492,DRV-PAR-DOC-POL-009-00281,primary_support,medium,1,1,
LNK-ITM-POL-007-00493,ITM-POL-007-00493,DRV-PAR-DOC-POL-009-00125,primary_support,medium,1,1,
LNK-ITM-POL-007-00494,ITM-POL-007-00494,DRV-PAR-DOC-POL-009-00180,primary_support,medium,1,1,
LNK-ITM-POL-007-00495,ITM-POL-007-00495,DRV-PAR-DOC-POL-009-00223,primary_support,medium,1,1,
LNK-ITM-POL-007-00496,ITM-POL-007-00496,DRV-PAR-DOC-POL-009-00238,primary_support,medium,1,1,
LNK-ITM-POL-007-00497,ITM-POL-007-00497,DRV-PAR-DOC-POL-009-00235,primary_support,medium,1,1,
LNK-ITM-POL-007-00498,ITM-POL-007-00498,DRV-PAR-DOC-POL-009-00229,primary_support,medium,1,1,
LNK-ITM-POL-007-00499,ITM-POL-007-00499,DRV-PAR-DOC-POL-009-00242,primary_support,medium,1,1,
LNK-ITM-POL-007-00500,ITM-POL-007-00500,DRV-PAR-DOC-POL-009-00231,primary_support,medium,1,1,
LNK-ITM-POL-007-00501,ITM-POL-007-00501,DRV-PAR-DOC-POL-009-00176,primary_support,medium,1,1,
LNK-ITM-POL-008-00502,ITM-POL-008-00502,DRV-PAR-DOC-POL-008-00062,primary_support,medium,1,1,
LNK-ITM-POL-008-00503,ITM-POL-008-00503,DRV-PAR-DOC-POL-008-00060,primary_support,medium,1,1,
LNK-ITM-POL-008-00504,ITM-POL-008-00504,DRV-PAR-DOC-POL-008-00072,primary_support,medium,1,1,
LNK-ITM-POL-008-00505,ITM-POL-008-00505,DRV-PAR-DOC-POL-008-00091,primary_support,medium,1,1,
LNK-ITM-POL-008-00506,ITM-POL-008-00506,DRV-PAR-DOC-POL-008-00092,primary_support,medium,1,1,
LNK-ITM-POL-008-00507,ITM-POL-008-00507,DRV-PAR-DOC-POL-008-00090,primary_support,medium,1,1,
LNK-ITM-POL-008-00508,ITM-POL-008-00508,DRV-PAR-DOC-POL-008-00089,primary_support,medium,1,1,
LNK-ITM-POL-008-00509,ITM-POL-008-00509,DRV-PAR-DOC-POL-008-00046,primary_support,medium,1,1,
LNK-ITM-POL-008-00510,ITM-POL-008-00510,DRV-PAR-DOC-POL-008-00018,primary_support,medium,1,1,
LNK-ITM-POL-008-00511,ITM-POL-008-00511,DRV-PAR-DOC-POL-008-00061,primary_support,medium,1,1,
LNK-ITM-POL-008-00512,ITM-POL-008-00512,DRV-PAR-DOC-POL-008-00042,primary_support,medium,1,1,
LNK-ITM-POL-008-00513,ITM-POL-008-00513,DRV-PAR-DOC-POL-008-00039,primary_support,medium,1,1,
LNK-ITM-POL-008-00514,ITM-POL-008-00514,DRV-PAR-DOC-POL-008-00044,primary_support,medium,1,1,
LNK-ITM-POL-008-00515,ITM-POL-008-00515,DRV-PAR-DOC-POL-008-00004,primary_support,medium,1,1,
LNK-ITM-POL-008-00516,ITM-POL-008-00516,DRV-PAR-DOC-POL-008-00055,primary_support,medium,1,1,
LNK-ITM-POL-008-00517,ITM-POL-008-00517,DRV-PAR-DOC-POL-008-00056,primary_support,medium,1,1,
LNK-ITM-POL-008-00518,ITM-POL-008-00518,DRV-PAR-DOC-POL-008-00058,primary_support,medium,1,1,
LNK-ITM-POL-008-00519,ITM-POL-008-00519,DRV-PAR-DOC-POL-008-00014,primary_support,medium,1,1,
LNK-ITM-POL-008-00520,ITM-POL-008-00520,DRV-PAR-DOC-POL-008-00068,primary_support,medium,1,1,
LNK-ITM-POL-008-00521,ITM-POL-008-00521,DRV-PAR-DOC-POL-008-00025,primary_support,medium,1,1,
LNK-ITM-POL-008-00522,ITM-POL-008-00522,DRV-PAR-DOC-POL-008-00010,primary_support,medium,1,1,
LNK-ITM-POL-008-00523,ITM-POL-008-00523,DRV-PAR-DOC-POL-008-00100,primary_support,medium,1,1,
LNK-ITM-POL-008-00524,ITM-POL-008-00524,DRV-PAR-DOC-POL-008-00063,primary_support,medium,1,1,
LNK-ITM-POL-008-00525,ITM-POL-008-00525,DRV-PAR-DOC-POL-008-00088,primary_support,medium,1,1,
LNK-ITM-POL-008-00526,ITM-POL-008-00526,DRV-PAR-DOC-POL-008-00053,primary_support,medium,1,1,
LNK-ITM-POL-008-00527,ITM-POL-008-00527,DRV-PAR-DOC-POL-008-00047,primary_support,medium,1,1,
LNK-ITM-POL-008-00528,ITM-POL-008-00528,DRV-PAR-DOC-POL-008-00064,primary_support,medium,1,1,
LNK-ITM-POL-008-00529,ITM-POL-008-00529,DRV-PAR-DOC-POL-008-00038,primary_support,medium,1,1,
LNK-ITM-POL-008-00530,ITM-POL-008-00530,DRV-PAR-DOC-POL-008-00049,primary_support,medium,1,1,
LNK-ITM-POL-008-00531,ITM-POL-008-00531,DRV-PAR-DOC-POL-008-00020,primary_support,medium,1,1,
LNK-ITM-POL-008-00532,ITM-POL-008-00532,DRV-PAR-DOC-POL-008-00006,primary_support,medium,1,1,
LNK-ITM-POL-008-00533,ITM-POL-008-00533,DRV-PAR-DOC-POL-008-00059,primary_support,medium,1,1,
LNK-ITM-POL-008-00534,ITM-POL-008-00534,DRV-PAR-DOC-POL-008-00026,primary_support,medium,1,1,
LNK-ITM-POL-008-00535,ITM-POL-008-00535,DRV-PAR-DOC-POL-008-00034,primary_support,medium,1,1,
LNK-ITM-POL-008-00536,ITM-POL-008-00536,DRV-PAR-DOC-POL-008-00031,primary_support,medium,1,1,
LNK-ITM-POL-008-00537,ITM-POL-008-00537,DRV-PAR-DOC-POL-008-00022,primary_support,medium,1,1,
LNK-ITM-POL-008-00538,ITM-POL-008-00538,DRV-PAR-DOC-POL-008-00079,primary_support,medium,1,1,
LNK-ITM-POL-008-00539,ITM-POL-008-00539,DRV-PAR-DOC-POL-008-00036,primary_support,medium,1,1,
LNK-ITM-POL-008-00540,ITM-POL-008-00540,DRV-PAR-DOC-POL-008-00027,primary_support,medium,1,1,
LNK-ITM-POL-008-00541,ITM-POL-008-00541,DRV-PAR-DOC-POL-008-00077,primary_support,medium,1,1,
LNK-ITM-POL-008-00542,ITM-POL-008-00542,DRV-PAR-DOC-POL-008-00067,primary_support,medium,1,1,
LNK-ITM-POL-008-00543,ITM-POL-008-00543,DRV-PAR-DOC-POL-008-00016,primary_support,medium,1,1,
LNK-ITM-POL-008-00544,ITM-POL-008-00544,DRV-PAR-DOC-POL-008-00012,primary_support,medium,1,1,
LNK-ITM-POL-008-00545,ITM-POL-008-00545,DRV-PAR-DOC-POL-008-00083,primary_support,medium,1,1,
LNK-ITM-POL-008-00546,ITM-POL-008-00546,DRV-PAR-DOC-POL-008-00084,primary_support,medium,1,1,
LNK-ITM-POL-008-00547,ITM-POL-008-00547,DRV-PAR-DOC-POL-008-00081,primary_support,medium,1,1,
LNK-ITM-POL-008-00548,ITM-POL-008-00548,DRV-PAR-DOC-POL-008-00086,primary_support,medium,1,1,
LNK-ITM-POL-008-00549,ITM-POL-008-00549,DRV-PAR-DOC-POL-008-00050,primary_support,medium,1,1,
LNK-ITM-POL-008-00550,ITM-POL-008-00550,DRV-PAR-DOC-POL-008-00048,primary_support,medium,1,1,
LNK-ITM-POL-009-00551,ITM-POL-009-00551,DRV-PAR-DOC-POL-010-00050,primary_support,medium,1,1,
LNK-ITM-POL-009-00552,ITM-POL-009-00552,DRV-PAR-DOC-POL-010-00129,primary_support,medium,1,1,
LNK-ITM-POL-009-00553,ITM-POL-009-00553,DRV-PAR-DOC-POL-010-00046,primary_support,medium,1,1,
LNK-ITM-POL-009-00554,ITM-POL-009-00554,DRV-PAR-DOC-POL-010-00116,primary_support,medium,1,1,
LNK-ITM-POL-009-00555,ITM-POL-009-00555,DRV-PAR-DOC-POL-010-00166,primary_support,medium,1,1,
LNK-ITM-POL-009-00556,ITM-POL-009-00556,DRV-PAR-DOC-POL-010-00039,primary_support,medium,1,1,
LNK-ITM-POL-009-00557,ITM-POL-009-00557,DRV-PAR-DOC-POL-010-00121,primary_support,medium,1,1,
LNK-ITM-POL-009-00558,ITM-POL-009-00558,DRV-PAR-DOC-POL-010-00151,primary_support,medium,1,1,
LNK-ITM-POL-009-00559,ITM-POL-009-00559,DRV-PAR-DOC-POL-010-00161,primary_support,medium,1,1,
LNK-ITM-POL-009-00560,ITM-POL-009-00560,DRV-PAR-DOC-POL-010-00031,primary_support,medium,1,1,
LNK-ITM-POL-009-00561,ITM-POL-009-00561,DRV-PAR-DOC-POL-010-00088,primary_support,medium,1,1,
LNK-ITM-POL-009-00562,ITM-POL-009-00562,DRV-PAR-DOC-POL-010-00004,primary_support,medium,1,1,
LNK-ITM-POL-009-00563,ITM-POL-009-00563,DRV-PAR-DOC-POL-010-00079,primary_support,medium,1,1,
LNK-ITM-POL-009-00564,ITM-POL-009-00564,DRV-PAR-DOC-POL-010-00071,primary_support,medium,1,1,
LNK-ITM-POL-009-00565,ITM-POL-009-00565,DRV-PAR-DOC-POL-010-00126,primary_support,medium,1,1,
LNK-ITM-POL-009-00566,ITM-POL-009-00566,DRV-PAR-DOC-POL-010-00110,primary_support,medium,1,1,
LNK-ITM-POL-009-00567,ITM-POL-009-00567,DRV-PAR-DOC-POL-010-00021,primary_support,medium,1,1,
LNK-ITM-POL-009-00568,ITM-POL-009-00568,DRV-PAR-DOC-POL-010-00107,primary_support,medium,1,1,
LNK-ITM-POL-009-00569,ITM-POL-009-00569,DRV-PAR-DOC-POL-010-00091,primary_support,medium,1,1,
LNK-ITM-POL-009-00570,ITM-POL-009-00570,DRV-PAR-DOC-POL-010-00111,primary_support,medium,1,1,
LNK-ITM-POL-009-00571,ITM-POL-009-00571,DRV-PAR-DOC-POL-010-00135,primary_support,medium,1,1,
LNK-ITM-POL-009-00572,ITM-POL-009-00572,DRV-PAR-DOC-POL-010-00096,primary_support,medium,1,1,
LNK-ITM-POL-009-00573,ITM-POL-009-00573,DRV-PAR-DOC-POL-010-00140,primary_support,medium,1,1,
LNK-ITM-POL-009-00574,ITM-POL-009-00574,DRV-PAR-DOC-POL-010-00035,primary_support,medium,1,1,
LNK-ITM-POL-009-00575,ITM-POL-009-00575,DRV-PAR-DOC-POL-010-00078,primary_support,medium,1,1,
LNK-ITM-POL-009-00576,ITM-POL-009-00576,DRV-PAR-DOC-POL-010-00154,primary_support,medium,1,1,
LNK-ITM-POL-009-00577,ITM-POL-009-00577,DRV-PAR-DOC-POL-010-00147,primary_support,medium,1,1,
LNK-ITM-POL-009-00578,ITM-POL-009-00578,DRV-PAR-DOC-POL-010-00113,primary_support,medium,1,1,
LNK-ITM-POL-009-00579,ITM-POL-009-00579,DRV-PAR-DOC-POL-010-00064,primary_support,medium,1,1,
LNK-ITM-POL-009-00580,ITM-POL-009-00580,DRV-PAR-DOC-POL-010-00118,primary_support,medium,1,1,
LNK-ITM-POL-009-00581,ITM-POL-009-00581,DRV-PAR-DOC-POL-010-00044,primary_support,medium,1,1,
LNK-ITM-POL-009-00582,ITM-POL-009-00582,DRV-PAR-DOC-POL-010-00051,primary_support,medium,1,1,
LNK-ITM-POL-009-00583,ITM-POL-009-00583,DRV-PAR-DOC-POL-010-00155,primary_support,medium,1,1,
LNK-ITM-POL-009-00584,ITM-POL-009-00584,DRV-PAR-DOC-POL-010-00073,primary_support,medium,1,1,
LNK-ITM-POL-009-00585,ITM-POL-009-00585,DRV-PAR-DOC-POL-010-00175,primary_support,medium,1,1,
LNK-ITM-POL-009-00586,ITM-POL-009-00586,DRV-PAR-DOC-POL-010-00143,primary_support,medium,1,1,
LNK-ITM-POL-009-00587,ITM-POL-009-00587,DRV-PAR-DOC-POL-010-00132,primary_support,medium,1,1,
LNK-ITM-POL-009-00588,ITM-POL-009-00588,DRV-PAR-DOC-POL-010-00164,primary_support,medium,1,1,
LNK-ITM-POL-009-00589,ITM-POL-009-00589,DRV-PAR-DOC-POL-010-00167,primary_support,medium,1,1,
LNK-ITM-POL-009-00590,ITM-POL-009-00590,DRV-PAR-DOC-POL-010-00098,primary_support,medium,1,1,
LNK-ITM-POL-009-00591,ITM-POL-009-00591,DRV-PAR-DOC-POL-010-00104,primary_support,medium,1,1,
LNK-ITM-POL-009-00592,ITM-POL-009-00592,DRV-PAR-DOC-POL-010-00170,primary_support,medium,1,1,
LNK-ITM-POL-009-00593,ITM-POL-009-00593,DRV-PAR-DOC-POL-010-00159,primary_support,medium,1,1,
LNK-ITM-POL-009-00594,ITM-POL-009-00594,DRV-PAR-DOC-POL-010-00017,primary_support,medium,1,1,
LNK-ITM-POL-009-00595,ITM-POL-009-00595,DRV-PAR-DOC-POL-010-00023,primary_support,medium,1,1,
LNK-ITM-POL-009-00596,ITM-POL-009-00596,DRV-PAR-DOC-POL-010-00029,primary_support,medium,1,1,
LNK-ITM-POL-009-00597,ITM-POL-009-00597,DRV-PAR-DOC-POL-010-00087,primary_support,medium,1,1,
LNK-ITM-POL-009-00598,ITM-POL-009-00598,DRV-PAR-DOC-POL-010-00115,primary_support,medium,1,1,
LNK-ITM-POL-009-00599,ITM-POL-009-00599,DRV-PAR-DOC-POL-010-00178,primary_support,medium,1,1,
LNK-ITM-POL-009-00600,ITM-POL-009-00600,DRV-PAR-DOC-POL-010-00089,primary_support,medium,1,1,
LNK-ITM-POL-009-00601,ITM-POL-009-00601,DRV-PAR-DOC-POL-010-00177,primary_support,medium,1,1,
LNK-ITM-POL-009-00602,ITM-POL-009-00602,DRV-PAR-DOC-POL-010-00034,primary_support,medium,1,1,
LNK-ITM-POL-009-00603,ITM-POL-009-00603,DRV-PAR-DOC-POL-010-00156,primary_support,medium,1,1,
LNK-ITM-POL-009-00604,ITM-POL-009-00604,DRV-PAR-DOC-POL-010-00142,primary_support,medium,1,1,
LNK-ITM-POL-009-00605,ITM-POL-009-00605,DRV-PAR-DOC-POL-010-00086,primary_support,medium,1,1,
LNK-ITM-POL-009-00606,ITM-POL-009-00606,DRV-PAR-DOC-POL-010-00130,primary_support,medium,1,1,
LNK-ITM-POL-009-00607,ITM-POL-009-00607,DRV-PAR-DOC-POL-010-00123,primary_support,medium,1,1,
LNK-ITM-POL-009-00608,ITM-POL-009-00608,DRV-PAR-DOC-POL-010-00026,primary_support,medium,1,1,
LNK-ITM-POL-009-00609,ITM-POL-009-00609,DRV-PAR-DOC-POL-010-00120,primary_support,medium,1,1,
LNK-ITM-POL-009-00610,ITM-POL-009-00610,DRV-PAR-DOC-POL-010-00056,primary_support,medium,1,1,
LNK-ITM-POL-009-00611,ITM-POL-009-00611,DRV-PAR-DOC-POL-010-00183,primary_support,medium,1,1,
LNK-ITM-POL-009-00612,ITM-POL-009-00612,DRV-PAR-DOC-POL-010-00052,primary_support,medium,1,1,
LNK-ITM-POL-009-00613,ITM-POL-009-00613,DRV-PAR-DOC-POL-010-00158,primary_support,medium,1,1,
LNK-ITM-POL-009-00614,ITM-POL-009-00614,DRV-PAR-DOC-POL-010-00145,primary_support,medium,1,1,
LNK-ITM-POL-009-00615,ITM-POL-009-00615,DRV-PAR-DOC-POL-010-00070,primary_support,medium,1,1,
LNK-ITM-POL-009-00616,ITM-POL-009-00616,DRV-PAR-DOC-POL-010-00014,primary_support,medium,1,1,
LNK-ITM-POL-009-00617,ITM-POL-009-00617,DRV-PAR-DOC-POL-010-00165,primary_support,medium,1,1,
LNK-ITM-POL-009-00618,ITM-POL-009-00618,DRV-PAR-DOC-POL-010-00068,primary_support,medium,1,1,
LNK-ITM-POL-009-00619,ITM-POL-009-00619,DRV-PAR-DOC-POL-010-00094,primary_support,medium,1,1,
LNK-ITM-POL-009-00620,ITM-POL-009-00620,DRV-PAR-DOC-POL-010-00028,primary_support,medium,1,1,
LNK-ITM-POL-009-00621,ITM-POL-009-00621,DRV-PAR-DOC-POL-010-00018,primary_support,medium,1,1,
LNK-ITM-POL-010-00622,ITM-POL-010-00622,DRV-PAR-DOC-POL-005-00310,primary_support,medium,1,1,
LNK-ITM-POL-010-00623,ITM-POL-010-00623,DRV-PAR-DOC-POL-005-00242,primary_support,medium,1,1,
LNK-ITM-POL-010-00624,ITM-POL-010-00624,DRV-PAR-DOC-POL-005-00203,primary_support,medium,1,1,
LNK-ITM-POL-010-00625,ITM-POL-010-00625,DRV-PAR-DOC-POL-005-00329,primary_support,medium,1,1,
LNK-ITM-POL-010-00626,ITM-POL-010-00626,DRV-PAR-DOC-POL-005-00132,primary_support,medium,1,1,
LNK-ITM-POL-010-00627,ITM-POL-010-00627,DRV-PAR-DOC-POL-005-00169,primary_support,medium,1,1,
LNK-ITM-POL-010-00628,ITM-POL-010-00628,DRV-PAR-DOC-POL-005-00174,primary_support,medium,1,1,
LNK-ITM-POL-010-00629,ITM-POL-010-00629,DRV-PAR-DOC-POL-005-00021,primary_support,medium,1,1,
LNK-ITM-POL-010-00630,ITM-POL-010-00630,DRV-PAR-DOC-POL-005-00044,primary_support,medium,1,1,
LNK-ITM-POL-010-00631,ITM-POL-010-00631,DRV-PAR-DOC-POL-005-00034,primary_support,medium,1,1,
LNK-ITM-POL-010-00632,ITM-POL-010-00632,DRV-PAR-DOC-POL-005-00047,primary_support,medium,1,1,
LNK-ITM-POL-010-00633,ITM-POL-010-00633,DRV-PAR-DOC-POL-005-00024,primary_support,medium,1,1,
LNK-ITM-POL-010-00634,ITM-POL-010-00634,DRV-PAR-DOC-POL-005-00037,primary_support,medium,1,1,
LNK-ITM-POL-010-00635,ITM-POL-010-00635,DRV-PAR-DOC-POL-005-00031,primary_support,medium,1,1,
LNK-ITM-POL-010-00636,ITM-POL-010-00636,DRV-PAR-DOC-POL-005-00041,primary_support,medium,1,1,
LNK-ITM-POL-010-00637,ITM-POL-010-00637,DRV-PAR-DOC-POL-005-00009,primary_support,medium,1,1,
LNK-ITM-POL-010-00638,ITM-POL-010-00638,DRV-PAR-DOC-POL-005-00035,primary_support,medium,1,1,
LNK-ITM-POL-010-00639,ITM-POL-010-00639,DRV-PAR-DOC-POL-005-00045,primary_support,medium,1,1,
LNK-ITM-POL-010-00640,ITM-POL-010-00640,DRV-PAR-DOC-POL-005-00002,primary_support,medium,1,1,
LNK-ITM-POL-010-00641,ITM-POL-010-00641,DRV-PAR-DOC-POL-005-00438,primary_support,medium,1,1,
LNK-ITM-POL-010-00642,ITM-POL-010-00642,DRV-PAR-DOC-POL-005-00124,primary_support,medium,1,1,
LNK-ITM-POL-010-00643,ITM-POL-010-00643,DRV-PAR-DOC-POL-005-00171,primary_support,medium,1,1,
LNK-ITM-POL-010-00644,ITM-POL-010-00644,DRV-PAR-DOC-POL-005-00177,primary_support,medium,1,1,
LNK-ITM-POL-010-00645,ITM-POL-010-00645,DRV-PAR-DOC-POL-005-00348,primary_support,medium,1,1,
LNK-ITM-POL-010-00646,ITM-POL-010-00646,DRV-PAR-DOC-POL-005-00196,primary_support,medium,1,1,
LNK-ITM-POL-010-00647,ITM-POL-010-00647,DRV-PAR-DOC-POL-005-00338,primary_support,medium,1,1,
LNK-ITM-POL-010-00648,ITM-POL-010-00648,DRV-PAR-DOC-POL-005-00358,primary_support,medium,1,1,
LNK-ITM-POL-010-00649,ITM-POL-010-00649,DRV-PAR-DOC-POL-005-00275,primary_support,medium,1,1,
LNK-ITM-POL-010-00650,ITM-POL-010-00650,DRV-PAR-DOC-POL-005-00083,primary_support,medium,1,1,
LNK-ITM-POL-010-00651,ITM-POL-010-00651,DRV-PAR-DOC-POL-005-00235,primary_support,medium,1,1,
LNK-ITM-POL-010-00652,ITM-POL-010-00652,DRV-PAR-DOC-POL-005-00451,primary_support,medium,1,1,
LNK-ITM-POL-010-00653,ITM-POL-010-00653,DRV-PAR-DOC-POL-005-00088,primary_support,medium,1,1,
LNK-ITM-POL-010-00654,ITM-POL-010-00654,DRV-PAR-DOC-POL-005-00253,primary_support,medium,1,1,
LNK-ITM-POL-010-00655,ITM-POL-010-00655,DRV-PAR-DOC-POL-005-00336,primary_support,medium,1,1,
LNK-ITM-POL-010-00656,ITM-POL-010-00656,DRV-PAR-DOC-POL-005-00474,primary_support,medium,1,1,
LNK-ITM-POL-010-00657,ITM-POL-010-00657,DRV-PAR-DOC-POL-005-00049,primary_support,medium,1,1,
LNK-ITM-POL-010-00658,ITM-POL-010-00658,DRV-PAR-DOC-POL-005-00471,primary_support,medium,1,1,
LNK-ITM-POL-010-00659,ITM-POL-010-00659,DRV-PAR-DOC-POL-005-00386,primary_support,medium,1,1,
LNK-ITM-POL-010-00660,ITM-POL-010-00660,DRV-PAR-DOC-POL-005-00199,primary_support,medium,1,1,
LNK-ITM-POL-010-00661,ITM-POL-010-00661,DRV-PAR-DOC-POL-005-00360,primary_support,medium,1,1,
LNK-ITM-POL-010-00662,ITM-POL-010-00662,DRV-PAR-DOC-POL-005-00475,primary_support,medium,1,1,
LNK-ITM-POL-010-00663,ITM-POL-010-00663,DRV-PAR-DOC-POL-005-00443,primary_support,medium,1,1,
LNK-ITM-POL-010-00664,ITM-POL-010-00664,DRV-PAR-DOC-POL-005-00340,primary_support,medium,1,1,
LNK-ITM-POL-010-00665,ITM-POL-010-00665,DRV-PAR-DOC-POL-005-00270,primary_support,medium,1,1,
LNK-ITM-POL-010-00666,ITM-POL-010-00666,DRV-PAR-DOC-POL-005-00098,primary_support,medium,1,1,
LNK-ITM-POL-010-00667,ITM-POL-010-00667,DRV-PAR-DOC-POL-005-00255,primary_support,medium,1,1,
LNK-ITM-POL-010-00668,ITM-POL-010-00668,DRV-PAR-DOC-POL-005-00260,primary_support,medium,1,1,
LNK-ITM-POL-010-00669,ITM-POL-010-00669,DRV-PAR-DOC-POL-005-00259,primary_support,medium,1,1,
LNK-ITM-POL-010-00670,ITM-POL-010-00670,DRV-PAR-DOC-POL-005-00282,primary_support,medium,1,1,
LNK-ITM-POL-010-00671,ITM-POL-010-00671,DRV-PAR-DOC-POL-005-00352,primary_support,medium,1,1,
LNK-ITM-POL-010-00672,ITM-POL-010-00672,DRV-PAR-DOC-POL-005-00422,primary_support,medium,1,1,
LNK-ITM-POL-010-00673,ITM-POL-010-00673,DRV-PAR-DOC-POL-005-00115,primary_support,medium,1,1,
LNK-ITM-POL-010-00674,ITM-POL-010-00674,DRV-PAR-DOC-POL-005-00427,primary_support,medium,1,1,
LNK-ITM-POL-010-00675,ITM-POL-010-00675,DRV-PAR-DOC-POL-005-00121,primary_support,medium,1,1,
LNK-ITM-POL-010-00676,ITM-POL-010-00676,DRV-PAR-DOC-POL-005-00417,primary_support,medium,1,1,
LNK-ITM-POL-010-00677,ITM-POL-010-00677,DRV-PAR-DOC-POL-005-00303,primary_support,medium,1,1,
LNK-ITM-POL-010-00678,ITM-POL-010-00678,DRV-PAR-DOC-POL-005-00320,primary_support,medium,1,1,
LNK-ITM-POL-010-00679,ITM-POL-010-00679,DRV-PAR-DOC-POL-005-00299,primary_support,medium,1,1,
LNK-ITM-POL-010-00680,ITM-POL-010-00680,DRV-PAR-DOC-POL-005-00215,primary_support,medium,1,1,
LNK-ITM-POL-010-00681,ITM-POL-010-00681,DRV-PAR-DOC-POL-005-00361,primary_support,medium,1,1,
LNK-ITM-POL-010-00682,ITM-POL-010-00682,DRV-PAR-DOC-POL-005-00087,primary_support,medium,1,1,
LNK-ITM-POL-010-00683,ITM-POL-010-00683,DRV-PAR-DOC-POL-005-00364,primary_support,medium,1,1,
LNK-ITM-POL-010-00684,ITM-POL-010-00684,DRV-PAR-DOC-POL-005-00316,primary_support,medium,1,1,
LNK-ITM-POL-010-00685,ITM-POL-010-00685,DRV-PAR-DOC-POL-005-00318,primary_support,medium,1,1,
LNK-ITM-POL-010-00686,ITM-POL-010-00686,DRV-PAR-DOC-POL-005-00283,primary_support,medium,1,1,
LNK-ITM-POL-010-00687,ITM-POL-010-00687,DRV-PAR-DOC-POL-005-00106,primary_support,medium,1,1,
LNK-ITM-POL-010-00688,ITM-POL-010-00688,DRV-PAR-DOC-POL-005-00018,primary_support,medium,1,1,
LNK-ITM-POL-010-00689,ITM-POL-010-00689,DRV-PAR-DOC-POL-005-00405,primary_support,medium,1,1,
LNK-ITM-POL-010-00690,ITM-POL-010-00690,DRV-PAR-DOC-POL-005-00415,primary_support,medium,1,1,
LNK-ITM-POL-010-00691,ITM-POL-010-00691,DRV-PAR-DOC-POL-005-00400,primary_support,medium,1,1,
LNK-ITM-POL-010-00692,ITM-POL-010-00692,DRV-PAR-DOC-POL-005-00313,primary_support,medium,1,1,
LNK-ITM-POL-010-00693,ITM-POL-010-00693,DRV-PAR-DOC-POL-005-00437,primary_support,medium,1,1,
LNK-ITM-POL-010-00694,ITM-POL-010-00694,DRV-PAR-DOC-POL-005-00212,primary_support,medium,1,1,
LNK-ITM-POL-010-00695,ITM-POL-010-00695,DRV-PAR-DOC-POL-005-00145,primary_support,medium,1,1,
LNK-ITM-POL-010-00696,ITM-POL-010-00696,DRV-PAR-DOC-POL-005-00435,primary_support,medium,1,1,
LNK-ITM-POL-010-00697,ITM-POL-010-00697,DRV-PAR-DOC-POL-005-00439,primary_support,medium,1,1,
LNK-ITM-POL-010-00698,ITM-POL-010-00698,DRV-PAR-DOC-POL-005-00441,primary_support,medium,1,1,
LNK-ITM-POL-010-00699,ITM-POL-010-00699,DRV-PAR-DOC-POL-005-00397,primary_support,medium,1,1,
LNK-ITM-POL-010-00700,ITM-POL-010-00700,DRV-PAR-DOC-POL-005-00050,primary_support,medium,1,1,
LNK-ITM-POL-010-00701,ITM-POL-010-00701,DRV-PAR-DOC-POL-005-00433,primary_support,medium,1,1,
LNK-ITM-POL-010-00702,ITM-POL-010-00702,DRV-PAR-DOC-POL-005-00395,primary_support,medium,1,1,
LNK-ITM-POL-010-00703,ITM-POL-010-00703,DRV-PAR-DOC-POL-005-00355,primary_support,medium,1,1,
LNK-ITM-POL-010-00704,ITM-POL-010-00704,DRV-PAR-DOC-POL-005-00373,primary_support,medium,1,1,
LNK-ITM-POL-010-00705,ITM-POL-010-00705,DRV-PAR-DOC-POL-005-00367,primary_support,medium,1,1,
LNK-ITM-POL-010-00706,ITM-POL-010-00706,DRV-PAR-DOC-POL-005-00294,primary_support,medium,1,1,
LNK-ITM-POL-010-00707,ITM-POL-010-00707,DRV-PAR-DOC-POL-005-00167,primary_support,medium,1,1,
LNK-ITM-POL-010-00708,ITM-POL-010-00708,DRV-PAR-DOC-POL-005-00123,primary_support,medium,1,1,
LNK-ITM-POL-010-00709,ITM-POL-010-00709,DRV-PAR-DOC-POL-005-00345,primary_support,medium,1,1,
LNK-ITM-POL-010-00710,ITM-POL-010-00710,DRV-PAR-DOC-POL-005-00209,primary_support,medium,1,1,
LNK-ITM-POL-010-00711,ITM-POL-010-00711,DRV-PAR-DOC-POL-005-00250,primary_support,medium,1,1,
LNK-ITM-POL-010-00712,ITM-POL-010-00712,DRV-PAR-DOC-POL-005-00419,primary_support,medium,1,1,
LNK-ITM-POL-010-00713,ITM-POL-010-00713,DRV-PAR-DOC-POL-005-00246,primary_support,medium,1,1,
LNK-ITM-POL-010-00714,ITM-POL-010-00714,DRV-PAR-DOC-POL-005-00095,primary_support,medium,1,1,
LNK-ITM-POL-010-00715,ITM-POL-010-00715,DRV-PAR-DOC-POL-005-00077,primary_support,medium,1,1,
LNK-ITM-POL-010-00716,ITM-POL-010-00716,DRV-PAR-DOC-POL-005-00448,primary_support,medium,1,1,
LNK-ITM-POL-010-00717,ITM-POL-010-00717,DRV-PAR-DOC-POL-005-00370,primary_support,medium,1,1,
LNK-ITM-POL-010-00718,ITM-POL-010-00718,DRV-PAR-DOC-POL-005-00446,primary_support,medium,1,1,
LNK-ITM-POL-010-00719,ITM-POL-010-00719,DRV-PAR-DOC-POL-005-00090,primary_support,medium,1,1,
LNK-ITM-POL-010-00720,ITM-POL-010-00720,DRV-PAR-DOC-POL-005-00187,primary_support,medium,1,1,
LNK-ITM-POL-010-00721,ITM-POL-010-00721,DRV-PAR-DOC-POL-005-00202,primary_support,medium,1,1,
LNK-ITM-POL-010-00722,ITM-POL-010-00722,DRV-PAR-DOC-POL-005-00014,primary_support,medium,1,1,
LNK-ITM-POL-010-00723,ITM-POL-010-00723,DRV-PAR-DOC-POL-005-00431,primary_support,medium,1,1,
LNK-ITM-POL-010-00724,ITM-POL-010-00724,DRV-PAR-DOC-POL-005-00343,primary_support,medium,1,1,
LNK-ITM-POL-010-00725,ITM-POL-010-00725,DRV-PAR-DOC-POL-005-00207,primary_support,medium,1,1,
LNK-ITM-POL-010-00726,ITM-POL-010-00726,DRV-PAR-DOC-POL-005-00217,primary_support,medium,1,1,
LNK-ITM-POL-010-00727,ITM-POL-010-00727,DRV-PAR-DOC-POL-005-00393,primary_support,medium,1,1,
LNK-ITM-POL-010-00728,ITM-POL-010-00728,DRV-PAR-DOC-POL-005-00354,primary_support,medium,1,1,
LNK-ITM-POL-010-00729,ITM-POL-010-00729,DRV-PAR-DOC-POL-005-00387,primary_support,medium,1,1,
LNK-ITM-POL-010-00730,ITM-POL-010-00730,DRV-PAR-DOC-POL-005-00058,primary_support,medium,1,1,
LNK-ITM-POL-010-00731,ITM-POL-010-00731,DRV-PAR-DOC-POL-005-00289,primary_support,medium,1,1,
LNK-ITM-POL-010-00732,ITM-POL-010-00732,DRV-PAR-DOC-POL-005-00257,primary_support,medium,1,1,
LNK-ITM-POL-010-00733,ITM-POL-010-00733,DRV-PAR-DOC-POL-005-00325,primary_support,medium,1,1,
LNK-ITM-POL-010-00734,ITM-POL-010-00734,DRV-PAR-DOC-POL-005-00412,primary_support,medium,1,1,
LNK-ITM-POL-010-00735,ITM-POL-010-00735,DRV-PAR-DOC-POL-005-00378,primary_support,medium,1,1,
LNK-ITM-POL-010-00736,ITM-POL-010-00736,DRV-PAR-DOC-POL-005-00063,primary_support,medium,1,1,
LNK-ITM-POL-010-00737,ITM-POL-010-00737,DRV-PAR-DOC-POL-005-00067,primary_support,medium,1,1,
LNK-ITM-POL-010-00738,ITM-POL-010-00738,DRV-PAR-DOC-POL-005-00306,primary_support,medium,1,1,
LNK-ITM-POL-010-00739,ITM-POL-010-00739,DRV-PAR-DOC-POL-005-00375,primary_support,medium,1,1,
LNK-ITM-POL-010-00740,ITM-POL-010-00740,DRV-PAR-DOC-POL-005-00281,primary_support,medium,1,1,
LNK-ITM-POL-010-00741,ITM-POL-010-00741,DRV-PAR-DOC-POL-005-00309,primary_support,medium,1,1,
LNK-ITM-POL-010-00742,ITM-POL-010-00742,DRV-PAR-DOC-POL-005-00322,primary_support,medium,1,1,
LNK-ITM-POL-010-00743,ITM-POL-010-00743,DRV-PAR-DOC-POL-005-00311,primary_support,medium,1,1,
LNK-ITM-POL-010-00744,ITM-POL-010-00744,DRV-PAR-DOC-POL-005-00403,primary_support,medium,1,1,
LNK-ITM-POL-010-00745,ITM-POL-010-00745,DRV-PAR-DOC-POL-005-00401,primary_support,medium,1,1,
LNK-ITM-POL-010-00746,ITM-POL-010-00746,DRV-PAR-DOC-POL-005-00162,primary_support,medium,1,1,
LNK-ITM-POL-010-00747,ITM-POL-010-00747,DRV-PAR-DOC-POL-005-00256,primary_support,medium,1,1,
LNK-ITM-POL-010-00748,ITM-POL-010-00748,DRV-PAR-DOC-POL-005-00424,primary_support,medium,1,1,
LNK-ITM-POL-010-00749,ITM-POL-010-00749,DRV-PAR-DOC-POL-005-00467,primary_support,medium,1,1,
LNK-ITM-POL-010-00750,ITM-POL-010-00750,DRV-PAR-DOC-POL-005-00184,primary_support,medium,1,1,
LNK-ITM-POL-010-00751,ITM-POL-010-00751,DRV-PAR-DOC-POL-005-00480,primary_support,medium,1,1,
LNK-ITM-POL-010-00752,ITM-POL-010-00752,DRV-PAR-DOC-POL-005-00426,primary_support,medium,1,1,
LNK-ITM-POL-010-00753,ITM-POL-010-00753,DRV-PAR-DOC-POL-005-00181,primary_support,medium,1,1,
LNK-ITM-POL-010-00754,ITM-POL-010-00754,DRV-PAR-DOC-POL-005-00315,primary_support,medium,1,1,
LNK-ITM-POL-010-00755,ITM-POL-010-00755,DRV-PAR-DOC-POL-005-00473,primary_support,medium,1,1,
LNK-ITM-POL-010-00756,ITM-POL-010-00756,DRV-PAR-DOC-POL-005-00337,primary_support,medium,1,1,
LNK-ITM-POL-010-00757,ITM-POL-010-00757,DRV-PAR-DOC-POL-005-00459,primary_support,medium,1,1,
LNK-ITM-POL-010-00758,ITM-POL-010-00758,DRV-PAR-DOC-POL-005-00126,primary_support,medium,1,1,
LNK-ITM-POL-010-00759,ITM-POL-010-00759,DRV-PAR-DOC-POL-005-00470,primary_support,medium,1,1,
LNK-ITM-POL-010-00760,ITM-POL-010-00760,DRV-PAR-DOC-POL-005-00461,primary_support,medium,1,1,
LNK-ITM-POL-010-00761,ITM-POL-010-00761,DRV-PAR-DOC-POL-005-00466,primary_support,medium,1,1,
LNK-ITM-POL-010-00762,ITM-POL-010-00762,DRV-PAR-DOC-POL-005-00288,primary_support,medium,1,1,
LNK-ITM-POL-010-00763,ITM-POL-010-00763,DRV-PAR-DOC-POL-005-00465,primary_support,medium,1,1,
LNK-ITM-POL-010-00764,ITM-POL-010-00764,DRV-PAR-DOC-POL-005-00304,primary_support,medium,1,1,
LNK-ITM-POL-010-00765,ITM-POL-010-00765,DRV-PAR-DOC-POL-005-00285,primary_support,medium,1,1,
LNK-ITM-POL-010-00766,ITM-POL-010-00766,DRV-PAR-DOC-POL-005-00164,primary_support,medium,1,1,
LNK-ITM-POL-010-00767,ITM-POL-010-00767,DRV-PAR-DOC-POL-005-00261,primary_support,medium,1,1,
LNK-ITM-POL-010-00768,ITM-POL-010-00768,DRV-PAR-DOC-POL-005-00444,primary_support,medium,1,1,
LNK-ITM-POL-010-00769,ITM-POL-010-00769,DRV-PAR-DOC-POL-005-00381,primary_support,medium,1,1,
LNK-ITM-POL-010-00770,ITM-POL-010-00770,DRV-PAR-DOC-POL-005-00429,primary_support,medium,1,1,
LNK-ITM-POL-010-00771,ITM-POL-010-00771,DRV-PAR-DOC-POL-005-00028,primary_support,medium,1,1,
LNK-ITM-POL-010-00772,ITM-POL-010-00772,DRV-PAR-DOC-POL-005-00149,primary_support,medium,1,1,
LNK-ITM-POL-010-00773,ITM-POL-010-00773,DRV-PAR-DOC-POL-005-00213,primary_support,medium,1,1,
LNK-ITM-POL-010-00774,ITM-POL-010-00774,DRV-PAR-DOC-POL-005-00172,primary_support,medium,1,1,
LNK-ITM-POL-010-00775,ITM-POL-010-00775,DRV-PAR-DOC-POL-005-00129,primary_support,medium,1,1,
LNK-ITM-POL-010-00776,ITM-POL-010-00776,DRV-PAR-DOC-POL-005-00142,primary_support,medium,1,1,
LNK-ITM-POL-010-00777,ITM-POL-010-00777,DRV-PAR-DOC-POL-005-00146,primary_support,medium,1,1,
LNK-ITM-POL-010-00778,ITM-POL-010-00778,DRV-PAR-DOC-POL-005-00383,primary_support,medium,1,1,
LNK-ITM-POL-010-00779,ITM-POL-010-00779,DRV-PAR-DOC-POL-005-00436,primary_support,medium,1,1,
LNK-ITM-POL-010-00780,ITM-POL-010-00780,DRV-PAR-DOC-POL-005-00154,primary_support,medium,1,1,
LNK-ITM-POL-010-00781,ITM-POL-010-00781,DRV-PAR-DOC-POL-005-00189,primary_support,medium,1,1,
LNK-ITM-POL-010-00782,ITM-POL-010-00782,DRV-PAR-DOC-POL-005-00300,primary_support,medium,1,1,
LNK-ITM-POL-010-00783,ITM-POL-010-00783,DRV-PAR-DOC-POL-005-00324,primary_support,medium,1,1,
LNK-ITM-POL-010-00784,ITM-POL-010-00784,DRV-PAR-DOC-POL-005-00015,primary_support,medium,1,1,
LNK-ITM-POL-010-00785,ITM-POL-010-00785,DRV-PAR-DOC-POL-005-00368,primary_support,medium,1,1,
LNK-ITM-POL-010-00786,ITM-POL-010-00786,DRV-PAR-DOC-POL-005-00120,primary_support,medium,1,1,
LNK-ITM-POL-010-00787,ITM-POL-010-00787,DRV-PAR-DOC-POL-005-00036,primary_support,medium,1,1,
LNK-ITM-POL-010-00788,ITM-POL-010-00788,DRV-PAR-DOC-POL-005-00046,primary_support,medium,1,1,
LNK-ITM-POL-010-00789,ITM-POL-010-00789,DRV-PAR-DOC-POL-005-00229,primary_support,medium,1,1,
LNK-ITM-POL-010-00790,ITM-POL-010-00790,DRV-PAR-DOC-POL-005-00004,primary_support,medium,1,1,
LNK-ITM-POL-010-00791,ITM-POL-010-00791,DRV-PAR-DOC-POL-005-00469,primary_support,medium,1,1,
LNK-ITM-POL-010-00792,ITM-POL-010-00792,DRV-PAR-DOC-POL-005-00027,primary_support,medium,1,1,
LNK-ITM-POL-010-00793,ITM-POL-010-00793,DRV-PAR-DOC-POL-005-00025,primary_support,medium,1,1,
LNK-ITM-POL-010-00794,ITM-POL-010-00794,DRV-PAR-DOC-POL-005-00238,primary_support,medium,1,1,
LNK-ITM-POL-010-00795,ITM-POL-010-00795,DRV-PAR-DOC-POL-005-00192,primary_support,medium,1,1,
LNK-ITM-POL-010-00796,ITM-POL-010-00796,DRV-PAR-DOC-POL-005-00305,primary_support,medium,1,1,
LNK-ITM-POL-010-00797,ITM-POL-010-00797,DRV-PAR-DOC-POL-005-00231,primary_support,medium,1,1,
LNK-ITM-POL-010-00798,ITM-POL-010-00798,DRV-PAR-DOC-POL-005-00265,primary_support,medium,1,1,
LNK-ITM-POL-010-00799,ITM-POL-010-00799,DRV-PAR-DOC-POL-005-00216,primary_support,medium,1,1,
LNK-ITM-POL-010-00800,ITM-POL-010-00800,DRV-PAR-DOC-POL-005-00228,primary_support,medium,1,1,
LNK-ITM-POL-010-00801,ITM-POL-010-00801,DRV-PAR-DOC-POL-005-00224,primary_support,medium,1,1,
LNK-ITM-POL-010-00802,ITM-POL-010-00802,DRV-PAR-DOC-POL-005-00119,primary_support,medium,1,1,
LNK-ITM-POL-010-00803,ITM-POL-010-00803,DRV-PAR-DOC-POL-005-00222,primary_support,medium,1,1,
LNK-ITM-POL-010-00804,ITM-POL-010-00804,DRV-PAR-DOC-POL-005-00065,primary_support,medium,1,1,
LNK-ITM-POL-010-00805,ITM-POL-010-00805,DRV-PAR-DOC-POL-005-00221,primary_support,medium,1,1,
LNK-ITM-POL-010-00806,ITM-POL-010-00806,DRV-PAR-DOC-POL-005-00188,primary_support,medium,1,1,
LNK-ITM-POL-010-00807,ITM-POL-010-00807,DRV-PAR-DOC-POL-005-00481,primary_support,medium,1,1,
LNK-ITM-POL-010-00808,ITM-POL-010-00808,DRV-PAR-DOC-POL-005-00223,primary_support,medium,1,1,
LNK-ITM-POL-010-00809,ITM-POL-010-00809,DRV-PAR-DOC-POL-005-00103,primary_support,medium,1,1,
LNK-ITM-POL-010-00810,ITM-POL-010-00810,DRV-PAR-DOC-POL-005-00194,primary_support,medium,1,1,
LNK-ITM-POL-010-00811,ITM-POL-010-00811,DRV-PAR-DOC-POL-005-00218,primary_support,medium,1,1,
LNK-ITM-POL-010-00812,ITM-POL-010-00812,DRV-PAR-DOC-POL-005-00099,primary_support,medium,1,1,
LNK-ITM-POL-010-00813,ITM-POL-010-00813,DRV-PAR-DOC-POL-005-00226,primary_support,medium,1,1,
LNK-ITM-POL-010-00814,ITM-POL-010-00814,DRV-PAR-DOC-POL-005-00269,primary_support,medium,1,1,
LNK-ITM-POL-011-00815,ITM-POL-011-00815,DRV-PAR-DOC-POL-012-00004,primary_support,medium,1,1,
LNK-ITM-POL-011-00816,ITM-POL-011-00816,DRV-PAR-DOC-POL-012-00032,primary_support,medium,1,1,
LNK-ITM-POL-011-00817,ITM-POL-011-00817,DRV-PAR-DOC-POL-012-00082,primary_support,medium,1,1,
LNK-ITM-POL-011-00818,ITM-POL-011-00818,DRV-PAR-DOC-POL-012-00011,primary_support,medium,1,1,
LNK-ITM-POL-011-00819,ITM-POL-011-00819,DRV-PAR-DOC-POL-012-00068,primary_support,medium,1,1,
LNK-ITM-POL-011-00820,ITM-POL-011-00820,DRV-PAR-DOC-POL-012-00023,primary_support,medium,1,1,
LNK-ITM-POL-011-00821,ITM-POL-011-00821,DRV-PAR-DOC-POL-012-00086,primary_support,medium,1,1,
LNK-ITM-POL-011-00822,ITM-POL-011-00822,DRV-PAR-DOC-POL-012-00072,primary_support,medium,1,1,
LNK-ITM-POL-011-00823,ITM-POL-011-00823,DRV-PAR-DOC-POL-012-00030,primary_support,medium,1,1,
LNK-ITM-POL-011-00824,ITM-POL-011-00824,DRV-PAR-DOC-POL-012-00031,primary_support,medium,1,1,
LNK-ITM-POL-011-00825,ITM-POL-011-00825,DRV-PAR-DOC-POL-012-00019,primary_support,medium,1,1,
LNK-ITM-POL-011-00826,ITM-POL-011-00826,DRV-PAR-DOC-POL-012-00014,primary_support,medium,1,1,
LNK-ITM-POL-011-00827,ITM-POL-011-00827,DRV-PAR-DOC-POL-012-00002,primary_support,medium,1,1,
LNK-ITM-POL-011-00828,ITM-POL-011-00828,DRV-PAR-DOC-POL-012-00063,primary_support,medium,1,1,
LNK-ITM-POL-011-00829,ITM-POL-011-00829,DRV-PAR-DOC-POL-012-00078,primary_support,medium,1,1,
LNK-ITM-POL-011-00830,ITM-POL-011-00830,DRV-PAR-DOC-POL-012-00071,primary_support,medium,1,1,
LNK-ITM-POL-011-00831,ITM-POL-011-00831,DRV-PAR-DOC-POL-012-00076,primary_support,medium,1,1,
LNK-ITM-POL-011-00832,ITM-POL-011-00832,DRV-PAR-DOC-POL-012-00012,primary_support,medium,1,1,
LNK-ITM-POL-011-00833,ITM-POL-011-00833,DRV-PAR-DOC-POL-012-00059,primary_support,medium,1,1,
LNK-ITM-POL-011-00834,ITM-POL-011-00834,DRV-PAR-DOC-POL-012-00036,primary_support,medium,1,1,
LNK-ITM-POL-011-00835,ITM-POL-011-00835,DRV-PAR-DOC-POL-012-00074,primary_support,medium,1,1,
LNK-ITM-POL-011-00836,ITM-POL-011-00836,DRV-PAR-DOC-POL-012-00061,primary_support,medium,1,1,
LNK-ITM-POL-011-00837,ITM-POL-011-00837,DRV-PAR-DOC-POL-012-00040,primary_support,medium,1,1,
LNK-ITM-POL-011-00838,ITM-POL-011-00838,DRV-PAR-DOC-POL-012-00005,primary_support,medium,1,1,
LNK-ITM-POL-011-00839,ITM-POL-011-00839,DRV-PAR-DOC-POL-012-00025,primary_support,medium,1,1,
LNK-ITM-POL-011-00840,ITM-POL-011-00840,DRV-PAR-DOC-POL-012-00018,primary_support,medium,1,1,
LNK-ITM-POL-011-00841,ITM-POL-011-00841,DRV-PAR-DOC-POL-012-00088,primary_support,medium,1,1,
LNK-ITM-POL-011-00842,ITM-POL-011-00842,DRV-PAR-DOC-POL-012-00090,primary_support,medium,1,1,
LNK-ITM-POL-011-00843,ITM-POL-011-00843,DRV-PAR-DOC-POL-012-00013,primary_support,medium,1,1,
LNK-ITM-POL-011-00844,ITM-POL-011-00844,DRV-PAR-DOC-POL-012-00016,primary_support,medium,1,1,
LNK-ITM-POL-011-00845,ITM-POL-011-00845,DRV-PAR-DOC-POL-012-00080,primary_support,medium,1,1,
LNK-ITM-POL-011-00846,ITM-POL-011-00846,DRV-PAR-DOC-POL-012-00097,primary_support,medium,1,1,
LNK-ITM-POL-011-00847,ITM-POL-011-00847,DRV-PAR-DOC-POL-012-00098,primary_support,medium,1,1,
LNK-ITM-POL-011-00848,ITM-POL-011-00848,DRV-PAR-DOC-POL-012-00056,primary_support,medium,1,1,
LNK-ITM-POL-011-00849,ITM-POL-011-00849,DRV-PAR-DOC-POL-012-00010,primary_support,medium,1,1,
LNK-ITM-POL-012-00850,ITM-POL-012-00850,DRV-PAR-DOC-POL-006-00129,primary_support,medium,1,1,
LNK-ITM-POL-012-00851,ITM-POL-012-00851,DRV-PAR-DOC-POL-006-00334,primary_support,medium,1,1,
LNK-ITM-POL-012-00852,ITM-POL-012-00852,DRV-PAR-DOC-POL-006-00030,primary_support,medium,1,1,
LNK-ITM-POL-012-00853,ITM-POL-012-00853,DRV-PAR-DOC-POL-006-00216,primary_support,medium,1,1,
LNK-ITM-POL-012-00854,ITM-POL-012-00854,DRV-PAR-DOC-POL-006-00405,primary_support,medium,1,1,
LNK-ITM-POL-012-00855,ITM-POL-012-00855,DRV-PAR-DOC-POL-006-00222,primary_support,medium,1,1,
LNK-ITM-POL-012-00856,ITM-POL-012-00856,DRV-PAR-DOC-POL-006-00225,primary_support,medium,1,1,
LNK-ITM-POL-012-00857,ITM-POL-012-00857,DRV-PAR-DOC-POL-006-00345,primary_support,medium,1,1,
LNK-ITM-POL-012-00858,ITM-POL-012-00858,DRV-PAR-DOC-POL-006-00315,primary_support,medium,1,1,
LNK-ITM-POL-012-00859,ITM-POL-012-00859,DRV-PAR-DOC-POL-006-00382,primary_support,medium,1,1,
LNK-ITM-POL-012-00860,ITM-POL-012-00860,DRV-PAR-DOC-POL-006-00046,primary_support,medium,1,1,
LNK-ITM-POL-012-00861,ITM-POL-012-00861,DRV-PAR-DOC-POL-006-00045,primary_support,medium,1,1,
LNK-ITM-POL-012-00862,ITM-POL-012-00862,DRV-PAR-DOC-POL-006-00047,primary_support,medium,1,1,
LNK-ITM-POL-012-00863,ITM-POL-012-00863,DRV-PAR-DOC-POL-006-00431,primary_support,medium,1,1,
LNK-ITM-POL-012-00864,ITM-POL-012-00864,DRV-PAR-DOC-POL-006-00157,primary_support,medium,1,1,
LNK-ITM-POL-012-00865,ITM-POL-012-00865,DRV-PAR-DOC-POL-006-00188,primary_support,medium,1,1,
LNK-ITM-POL-012-00866,ITM-POL-012-00866,DRV-PAR-DOC-POL-006-00154,primary_support,medium,1,1,
LNK-ITM-POL-012-00867,ITM-POL-012-00867,DRV-PAR-DOC-POL-006-00304,primary_support,medium,1,1,
LNK-ITM-POL-012-00868,ITM-POL-012-00868,DRV-PAR-DOC-POL-006-00210,primary_support,medium,1,1,
LNK-ITM-POL-012-00869,ITM-POL-012-00869,DRV-PAR-DOC-POL-006-00211,primary_support,medium,1,1,
LNK-ITM-POL-012-00870,ITM-POL-012-00870,DRV-PAR-DOC-POL-006-00207,primary_support,medium,1,1,
LNK-ITM-POL-012-00871,ITM-POL-012-00871,DRV-PAR-DOC-POL-006-00175,primary_support,medium,1,1,
LNK-ITM-POL-012-00872,ITM-POL-012-00872,DRV-PAR-DOC-POL-006-00163,primary_support,medium,1,1,
LNK-ITM-POL-012-00873,ITM-POL-012-00873,DRV-PAR-DOC-POL-006-00364,primary_support,medium,1,1,
LNK-ITM-POL-012-00874,ITM-POL-012-00874,DRV-PAR-DOC-POL-006-00109,primary_support,medium,1,1,
LNK-ITM-POL-012-00875,ITM-POL-012-00875,DRV-PAR-DOC-POL-006-00473,primary_support,medium,1,1,
LNK-ITM-POL-012-00876,ITM-POL-012-00876,DRV-PAR-DOC-POL-006-00480,primary_support,medium,1,1,
LNK-ITM-POL-012-00877,ITM-POL-012-00877,DRV-PAR-DOC-POL-006-00458,primary_support,medium,1,1,
LNK-ITM-POL-012-00878,ITM-POL-012-00878,DRV-PAR-DOC-POL-006-00180,primary_support,medium,1,1,
LNK-ITM-POL-012-00879,ITM-POL-012-00879,DRV-PAR-DOC-POL-006-00494,primary_support,medium,1,1,
LNK-ITM-POL-012-00880,ITM-POL-012-00880,DRV-PAR-DOC-POL-006-00439,primary_support,medium,1,1,
LNK-ITM-POL-012-00881,ITM-POL-012-00881,DRV-PAR-DOC-POL-006-00464,primary_support,medium,1,1,
LNK-ITM-POL-012-00882,ITM-POL-012-00882,DRV-PAR-DOC-POL-006-00171,primary_support,medium,1,1,
LNK-ITM-POL-012-00883,ITM-POL-012-00883,DRV-PAR-DOC-POL-006-00178,primary_support,medium,1,1,
LNK-ITM-POL-012-00884,ITM-POL-012-00884,DRV-PAR-DOC-POL-006-00497,primary_support,medium,1,1,
LNK-ITM-POL-012-00885,ITM-POL-012-00885,DRV-PAR-DOC-POL-006-00444,primary_support,medium,1,1,
LNK-ITM-POL-012-00886,ITM-POL-012-00886,DRV-PAR-DOC-POL-006-00445,primary_support,medium,1,1,
LNK-ITM-POL-012-00887,ITM-POL-012-00887,DRV-PAR-DOC-POL-006-00446,primary_support,medium,1,1,
LNK-ITM-POL-012-00888,ITM-POL-012-00888,DRV-PAR-DOC-POL-006-00447,primary_support,medium,1,1,
LNK-ITM-POL-012-00889,ITM-POL-012-00889,DRV-PAR-DOC-POL-006-00120,primary_support,medium,1,1,
LNK-ITM-POL-012-00890,ITM-POL-012-00890,DRV-PAR-DOC-POL-006-00469,primary_support,medium,1,1,
LNK-ITM-POL-012-00891,ITM-POL-012-00891,DRV-PAR-DOC-POL-006-00073,primary_support,medium,1,1,
LNK-ITM-POL-012-00892,ITM-POL-012-00892,DRV-PAR-DOC-POL-006-00005,primary_support,medium,1,1,
LNK-ITM-POL-012-00893,ITM-POL-012-00893,DRV-PAR-DOC-POL-006-00152,primary_support,medium,1,1,
LNK-ITM-POL-012-00894,ITM-POL-012-00894,DRV-PAR-DOC-POL-006-00270,primary_support,medium,1,1,
LNK-ITM-POL-012-00895,ITM-POL-012-00895,DRV-PAR-DOC-POL-006-00155,primary_support,medium,1,1,
LNK-ITM-POL-012-00896,ITM-POL-012-00896,DRV-PAR-DOC-POL-006-00080,primary_support,medium,1,1,
LNK-ITM-POL-012-00897,ITM-POL-012-00897,DRV-PAR-DOC-POL-006-00177,primary_support,medium,1,1,
LNK-ITM-POL-012-00898,ITM-POL-012-00898,DRV-PAR-DOC-POL-006-00299,primary_support,medium,1,1,
LNK-ITM-POL-012-00899,ITM-POL-012-00899,DRV-PAR-DOC-POL-006-00348,primary_support,medium,1,1,
LNK-ITM-POL-012-00900,ITM-POL-012-00900,DRV-PAR-DOC-POL-006-00388,primary_support,medium,1,1,
LNK-ITM-POL-012-00901,ITM-POL-012-00901,DRV-PAR-DOC-POL-006-00223,primary_support,medium,1,1,
LNK-ITM-POL-012-00902,ITM-POL-012-00902,DRV-PAR-DOC-POL-006-00137,primary_support,medium,1,1,
LNK-ITM-POL-012-00903,ITM-POL-012-00903,DRV-PAR-DOC-POL-006-00184,primary_support,medium,1,1,
LNK-ITM-POL-012-00904,ITM-POL-012-00904,DRV-PAR-DOC-POL-006-00066,primary_support,medium,1,1,
LNK-ITM-POL-012-00905,ITM-POL-012-00905,DRV-PAR-DOC-POL-006-00220,primary_support,medium,1,1,
LNK-ITM-POL-012-00906,ITM-POL-012-00906,DRV-PAR-DOC-POL-006-00209,primary_support,medium,1,1,
LNK-ITM-POL-012-00907,ITM-POL-012-00907,DRV-PAR-DOC-POL-006-00195,primary_support,medium,1,1,
LNK-ITM-POL-012-00908,ITM-POL-012-00908,DRV-PAR-DOC-POL-006-00085,primary_support,medium,1,1,
LNK-ITM-POL-012-00909,ITM-POL-012-00909,DRV-PAR-DOC-POL-006-00417,primary_support,medium,1,1,
LNK-ITM-POL-012-00910,ITM-POL-012-00910,DRV-PAR-DOC-POL-006-00366,primary_support,medium,1,1,
LNK-ITM-POL-012-00911,ITM-POL-012-00911,DRV-PAR-DOC-POL-006-00313,primary_support,medium,1,1,
LNK-ITM-POL-012-00912,ITM-POL-012-00912,DRV-PAR-DOC-POL-006-00307,primary_support,medium,1,1,
LNK-ITM-POL-012-00913,ITM-POL-012-00913,DRV-PAR-DOC-POL-006-00309,primary_support,medium,1,1,
LNK-ITM-POL-012-00914,ITM-POL-012-00914,DRV-PAR-DOC-POL-006-00311,primary_support,medium,1,1,
LNK-ITM-POL-012-00915,ITM-POL-012-00915,DRV-PAR-DOC-POL-006-00372,primary_support,medium,1,1,
LNK-ITM-POL-012-00916,ITM-POL-012-00916,DRV-PAR-DOC-POL-006-00437,primary_support,medium,1,1,
LNK-ITM-POL-012-00917,ITM-POL-012-00917,DRV-PAR-DOC-POL-006-00235,primary_support,medium,1,1,
LNK-ITM-POL-012-00918,ITM-POL-012-00918,DRV-PAR-DOC-POL-006-00451,primary_support,medium,1,1,
LNK-ITM-POL-012-00919,ITM-POL-012-00919,DRV-PAR-DOC-POL-006-00482,primary_support,medium,1,1,
LNK-ITM-POL-012-00920,ITM-POL-012-00920,DRV-PAR-DOC-POL-006-00355,primary_support,medium,1,1,
LNK-ITM-POL-012-00921,ITM-POL-012-00921,DRV-PAR-DOC-POL-006-00150,primary_support,medium,1,1,
LNK-ITM-POL-012-00922,ITM-POL-012-00922,DRV-PAR-DOC-POL-006-00258,primary_support,medium,1,1,
LNK-ITM-POL-012-00923,ITM-POL-012-00923,DRV-PAR-DOC-POL-006-00380,primary_support,medium,1,1,
LNK-ITM-POL-012-00924,ITM-POL-012-00924,DRV-PAR-DOC-POL-006-00323,primary_support,medium,1,1,
LNK-ITM-POL-012-00925,ITM-POL-012-00925,DRV-PAR-DOC-POL-006-00401,primary_support,medium,1,1,
LNK-ITM-POL-012-00926,ITM-POL-012-00926,DRV-PAR-DOC-POL-006-00197,primary_support,medium,1,1,
LNK-ITM-POL-012-00927,ITM-POL-012-00927,DRV-PAR-DOC-POL-006-00078,primary_support,medium,1,1,
LNK-ITM-POL-012-00928,ITM-POL-012-00928,DRV-PAR-DOC-POL-006-00021,primary_support,medium,1,1,
LNK-ITM-POL-012-00929,ITM-POL-012-00929,DRV-PAR-DOC-POL-006-00428,primary_support,medium,1,1,
LNK-ITM-POL-012-00930,ITM-POL-012-00930,DRV-PAR-DOC-POL-006-00481,primary_support,medium,1,1,
LNK-ITM-POL-012-00931,ITM-POL-012-00931,DRV-PAR-DOC-POL-006-00502,primary_support,medium,1,1,
LNK-ITM-POL-012-00932,ITM-POL-012-00932,DRV-PAR-DOC-POL-006-00166,primary_support,medium,1,1,
LNK-ITM-POL-012-00933,ITM-POL-012-00933,DRV-PAR-DOC-POL-006-00033,primary_support,medium,1,1,
LNK-ITM-POL-012-00934,ITM-POL-012-00934,DRV-PAR-DOC-POL-006-00306,primary_support,medium,1,1,
LNK-ITM-POL-012-00935,ITM-POL-012-00935,DRV-PAR-DOC-POL-006-00460,primary_support,medium,1,1,
LNK-ITM-POL-012-00936,ITM-POL-012-00936,DRV-PAR-DOC-POL-006-00308,primary_support,medium,1,1,
LNK-ITM-POL-012-00937,ITM-POL-012-00937,DRV-PAR-DOC-POL-006-00357,primary_support,medium,1,1,
LNK-ITM-POL-012-00938,ITM-POL-012-00938,DRV-PAR-DOC-POL-006-00125,primary_support,medium,1,1,
LNK-ITM-POL-012-00939,ITM-POL-012-00939,DRV-PAR-DOC-POL-006-00208,primary_support,medium,1,1,
LNK-ITM-POL-012-00940,ITM-POL-012-00940,DRV-PAR-DOC-POL-006-00429,primary_support,medium,1,1,
LNK-ITM-POL-012-00941,ITM-POL-012-00941,DRV-PAR-DOC-POL-006-00242,primary_support,medium,1,1,
LNK-ITM-POL-012-00942,ITM-POL-012-00942,DRV-PAR-DOC-POL-006-00453,primary_support,medium,1,1,
LNK-ITM-POL-012-00943,ITM-POL-012-00943,DRV-PAR-DOC-POL-006-00123,primary_support,medium,1,1,
LNK-ITM-POL-012-00944,ITM-POL-012-00944,DRV-PAR-DOC-POL-006-00325,primary_support,medium,1,1,
LNK-ITM-POL-012-00945,ITM-POL-012-00945,DRV-PAR-DOC-POL-006-00432,primary_support,medium,1,1,
LNK-ITM-POL-012-00946,ITM-POL-012-00946,DRV-PAR-DOC-POL-006-00145,primary_support,medium,1,1,
LNK-ITM-POL-012-00947,ITM-POL-012-00947,DRV-PAR-DOC-POL-006-00108,primary_support,medium,1,1,
LNK-ITM-POL-012-00948,ITM-POL-012-00948,DRV-PAR-DOC-POL-006-00500,primary_support,medium,1,1,
LNK-ITM-POL-012-00949,ITM-POL-012-00949,DRV-PAR-DOC-POL-006-00040,primary_support,medium,1,1,
LNK-ITM-POL-012-00950,ITM-POL-012-00950,DRV-PAR-DOC-POL-006-00022,primary_support,medium,1,1,
LNK-ITM-POL-012-00951,ITM-POL-012-00951,DRV-PAR-DOC-POL-006-00041,primary_support,medium,1,1,
LNK-ITM-POL-012-00952,ITM-POL-012-00952,DRV-PAR-DOC-POL-006-00142,primary_support,medium,1,1,
LNK-ITM-POL-012-00953,ITM-POL-012-00953,DRV-PAR-DOC-POL-006-00013,primary_support,medium,1,1,
LNK-ITM-POL-012-00954,ITM-POL-012-00954,DRV-PAR-DOC-POL-006-00002,primary_support,medium,1,1,
LNK-ITM-POL-012-00955,ITM-POL-012-00955,DRV-PAR-DOC-POL-006-00001,primary_support,medium,1,1,
LNK-ITM-POL-012-00956,ITM-POL-012-00956,DRV-PAR-DOC-POL-006-00068,primary_support,medium,1,1,
LNK-ITM-POL-012-00957,ITM-POL-012-00957,DRV-PAR-DOC-POL-006-00400,primary_support,medium,1,1,
LNK-ITM-POL-012-00958,ITM-POL-012-00958,DRV-PAR-DOC-POL-006-00450,primary_support,medium,1,1,
LNK-ITM-POL-012-00959,ITM-POL-012-00959,DRV-PAR-DOC-POL-006-00034,primary_support,medium,1,1,
LNK-ITM-POL-012-00960,ITM-POL-012-00960,DRV-PAR-DOC-POL-006-00016,primary_support,medium,1,1,
LNK-ITM-POL-012-00961,ITM-POL-012-00961,DRV-PAR-DOC-POL-006-00230,primary_support,medium,1,1,
LNK-ITM-POL-012-00962,ITM-POL-012-00962,DRV-PAR-DOC-POL-006-00115,primary_support,medium,1,1,
LNK-ITM-POL-012-00963,ITM-POL-012-00963,DRV-PAR-DOC-POL-006-00338,primary_support,medium,1,1,
LNK-ITM-POL-012-00964,ITM-POL-012-00964,DRV-PAR-DOC-POL-006-00438,primary_support,medium,1,1,
LNK-ITM-POL-012-00965,ITM-POL-012-00965,DRV-PAR-DOC-POL-006-00404,primary_support,medium,1,1,
LNK-ITM-POL-012-00966,ITM-POL-012-00966,DRV-PAR-DOC-POL-006-00407,primary_support,medium,1,1,
LNK-ITM-POL-012-00967,ITM-POL-012-00967,DRV-PAR-DOC-POL-006-00414,primary_support,medium,1,1,
LNK-ITM-POL-012-00968,ITM-POL-012-00968,DRV-PAR-DOC-POL-006-00393,primary_support,medium,1,1,
LNK-ITM-POL-012-00969,ITM-POL-012-00969,DRV-PAR-DOC-POL-006-00236,primary_support,medium,1,1,
LNK-ITM-POL-012-00970,ITM-POL-012-00970,DRV-PAR-DOC-POL-006-00312,primary_support,medium,1,1,
LNK-ITM-POL-012-00971,ITM-POL-012-00971,DRV-PAR-DOC-POL-006-00298,primary_support,medium,1,1,
LNK-ITM-POL-012-00972,ITM-POL-012-00972,DRV-PAR-DOC-POL-006-00376,primary_support,medium,1,1,
LNK-ITM-POL-012-00973,ITM-POL-012-00973,DRV-PAR-DOC-POL-006-00131,primary_support,medium,1,1,
LNK-ITM-POL-012-00974,ITM-POL-012-00974,DRV-PAR-DOC-POL-006-00156,primary_support,medium,1,1,
LNK-ITM-POL-012-00975,ITM-POL-012-00975,DRV-PAR-DOC-POL-006-00079,primary_support,medium,1,1,
LNK-ITM-POL-012-00976,ITM-POL-012-00976,DRV-PAR-DOC-POL-006-00352,primary_support,medium,1,1,
LNK-ITM-POL-012-00977,ITM-POL-012-00977,DRV-PAR-DOC-POL-006-00363,primary_support,medium,1,1,
LNK-ITM-POL-012-00978,ITM-POL-012-00978,DRV-PAR-DOC-POL-006-00484,primary_support,medium,1,1,
LNK-ITM-POL-012-00979,ITM-POL-012-00979,DRV-PAR-DOC-POL-006-00006,primary_support,medium,1,1,
LNK-ITM-POL-012-00980,ITM-POL-012-00980,DRV-PAR-DOC-POL-006-00067,primary_support,medium,1,1,
LNK-ITM-POL-012-00981,ITM-POL-012-00981,DRV-PAR-DOC-POL-006-00203,primary_support,medium,1,1,
LNK-ITM-POL-012-00982,ITM-POL-012-00982,DRV-PAR-DOC-POL-006-00409,primary_support,medium,1,1,
LNK-ITM-POL-012-00983,ITM-POL-012-00983,DRV-PAR-DOC-POL-006-00442,primary_support,medium,1,1,
LNK-ITM-POL-012-00984,ITM-POL-012-00984,DRV-PAR-DOC-POL-006-00291,primary_support,medium,1,1,
LNK-ITM-POL-012-00985,ITM-POL-012-00985,DRV-PAR-DOC-POL-006-00492,primary_support,medium,1,1,
LNK-ITM-POL-012-00986,ITM-POL-012-00986,DRV-PAR-DOC-POL-006-00176,primary_support,medium,1,1,
LNK-ITM-POL-012-00987,ITM-POL-012-00987,DRV-PAR-DOC-POL-006-00463,primary_support,medium,1,1,
LNK-ITM-POL-012-00988,ITM-POL-012-00988,DRV-PAR-DOC-POL-006-00440,primary_support,medium,1,1,
LNK-ITM-POL-012-00989,ITM-POL-012-00989,DRV-PAR-DOC-POL-006-00495,primary_support,medium,1,1,
LNK-ITM-POL-012-00990,ITM-POL-012-00990,DRV-PAR-DOC-POL-006-00455,primary_support,medium,1,1,
LNK-ITM-POL-012-00991,ITM-POL-012-00991,DRV-PAR-DOC-POL-006-00476,primary_support,medium,1,1,
LNK-ITM-POL-012-00992,ITM-POL-012-00992,DRV-PAR-DOC-POL-006-00489,primary_support,medium,1,1,
LNK-ITM-POL-012-00993,ITM-POL-012-00993,DRV-PAR-DOC-POL-006-00466,primary_support,medium,1,1,
LNK-ITM-POL-012-00994,ITM-POL-012-00994,DRV-PAR-DOC-POL-006-00471,primary_support,medium,1,1,
LNK-ITM-POL-012-00995,ITM-POL-012-00995,DRV-PAR-DOC-POL-006-00470,primary_support,medium,1,1,
LNK-ITM-POL-012-00996,ITM-POL-012-00996,DRV-PAR-DOC-POL-006-00295,primary_support,medium,1,1,
LNK-ITM-POL-012-00997,ITM-POL-012-00997,DRV-PAR-DOC-POL-006-00427,primary_support,medium,1,1,
LNK-ITM-POL-012-00998,ITM-POL-012-00998,DRV-PAR-DOC-POL-006-00014,primary_support,medium,1,1,
LNK-ITM-POL-012-00999,ITM-POL-012-00999,DRV-PAR-DOC-POL-006-00280,primary_support,medium,1,1,
LNK-ITM-POL-012-01000,ITM-POL-012-01000,DRV-PAR-DOC-POL-006-00288,primary_support,medium,1,1,
LNK-ITM-POL-012-01001,ITM-POL-012-01001,DRV-PAR-DOC-POL-006-00168,primary_support,medium,1,1,
LNK-ITM-POL-012-01002,ITM-POL-012-01002,DRV-PAR-DOC-POL-006-00310,primary_support,medium,1,1,
LNK-ITM-POL-012-01003,ITM-POL-012-01003,DRV-PAR-DOC-POL-006-00259,primary_support,medium,1,1,
LNK-ITM-POL-012-01004,ITM-POL-012-01004,DRV-PAR-DOC-POL-006-00335,primary_support,medium,1,1,
LNK-ITM-POL-012-01005,ITM-POL-012-01005,DRV-PAR-DOC-POL-006-00332,primary_support,medium,1,1,
LNK-ITM-POL-012-01006,ITM-POL-012-01006,DRV-PAR-DOC-POL-006-00456,primary_support,medium,1,1,
LNK-ITM-POL-012-01007,ITM-POL-012-01007,DRV-PAR-DOC-POL-006-00048,primary_support,medium,1,1,
LNK-ITM-POL-012-01008,ITM-POL-012-01008,DRV-PAR-DOC-POL-006-00253,primary_support,medium,1,1,
LNK-ITM-POL-012-01009,ITM-POL-012-01009,DRV-PAR-DOC-POL-006-00214,primary_support,medium,1,1,
LNK-ITM-POL-012-01010,ITM-POL-012-01010,DRV-PAR-DOC-POL-006-00087,primary_support,medium,1,1,
LNK-ITM-POL-012-01011,ITM-POL-012-01011,DRV-PAR-DOC-POL-006-00272,primary_support,medium,1,1,
LNK-ITM-POL-012-01012,ITM-POL-012-01012,DRV-PAR-DOC-POL-006-00227,primary_support,medium,1,1,
LNK-ITM-POL-012-01013,ITM-POL-012-01013,DRV-PAR-DOC-POL-006-00339,primary_support,medium,1,1,
LNK-ITM-POL-012-01014,ITM-POL-012-01014,DRV-PAR-DOC-POL-006-00386,primary_support,medium,1,1,
LNK-ITM-POL-012-01015,ITM-POL-012-01015,DRV-PAR-DOC-POL-006-00243,primary_support,medium,1,1,
LNK-ITM-POL-012-01016,ITM-POL-012-01016,DRV-PAR-DOC-POL-006-00368,primary_support,medium,1,1,
LNK-ITM-POL-012-01017,ITM-POL-012-01017,DRV-PAR-DOC-POL-006-00202,primary_support,medium,1,1,
LNK-ITM-POL-012-01018,ITM-POL-012-01018,DRV-PAR-DOC-POL-006-00378,primary_support,medium,1,1,
LNK-ITM-POL-012-01019,ITM-POL-012-01019,DRV-PAR-DOC-POL-006-00336,primary_support,medium,1,1,
LNK-ITM-POL-012-01020,ITM-POL-012-01020,DRV-PAR-DOC-POL-006-00477,primary_support,medium,1,1,
LNK-ITM-POL-012-01021,ITM-POL-012-01021,DRV-PAR-DOC-POL-006-00219,primary_support,medium,1,1,
LNK-ITM-POL-012-01022,ITM-POL-012-01022,DRV-PAR-DOC-POL-006-00487,primary_support,medium,1,1,
LNK-ITM-POL-012-01023,ITM-POL-012-01023,DRV-PAR-DOC-POL-006-00474,primary_support,medium,1,1,
LNK-ITM-POL-012-01024,ITM-POL-012-01024,DRV-PAR-DOC-POL-006-00485,primary_support,medium,1,1,
LNK-ITM-POL-012-01025,ITM-POL-012-01025,DRV-PAR-DOC-POL-006-00465,primary_support,medium,1,1,
LNK-ITM-POL-012-01026,ITM-POL-012-01026,DRV-PAR-DOC-POL-006-00498,primary_support,medium,1,1,
LNK-ITM-POL-012-01027,ITM-POL-012-01027,DRV-PAR-DOC-POL-006-00454,primary_support,medium,1,1,
LNK-ITM-POL-012-01028,ITM-POL-012-01028,DRV-PAR-DOC-POL-006-00410,primary_support,medium,1,1,
LNK-ITM-POL-012-01029,ITM-POL-012-01029,DRV-PAR-DOC-POL-006-00266,primary_support,medium,1,1,
LNK-ITM-POL-012-01030,ITM-POL-012-01030,DRV-PAR-DOC-POL-006-00486,primary_support,medium,1,1,
LNK-ITM-POL-012-01031,ITM-POL-012-01031,DRV-PAR-DOC-POL-006-00217,primary_support,medium,1,1,
LNK-ITM-POL-012-01032,ITM-POL-012-01032,DRV-PAR-DOC-POL-006-00488,primary_support,medium,1,1,
LNK-ITM-POL-012-01033,ITM-POL-012-01033,DRV-PAR-DOC-POL-006-00383,primary_support,medium,1,1,
LNK-ITM-POL-012-01034,ITM-POL-012-01034,DRV-PAR-DOC-POL-006-00264,primary_support,medium,1,1,
